{
  "./VRU_videos/DoTA/VRU_1.mp4": {
    "pred": "The video depicts a dashcam perspective navigating a rural road during what appears to be early morning or late evening, judging by the low sun in the sky. The environment is rural with clear fields, sparse vegetation, and electricity pylon structures on both sides. The sun is low, providing the most significant light and creating long shadows, creating a dramatic effect with a stark contrast between light and dark areas.\n\nInitially, vehicles can be seen on the right side of the road. Suddenly, a pedestrian dressed in dark clothing is observed walking in the opposite direction. As the vehicle approaches, the pedestrian stops momentarily before walking back the opposite way, possibly to ensure safety. The pedestrian appears to be moving cautiously, suggesting a lack of awareness of the camera's presence and the vehicle's movements, potentially indicating the start of a fall.\n\nAs the vehicle moves forward, it continues to maintain a speed close to overtaking speeds detected by the dashcam's speed indicators (79 KM/H, 81 KM/H,"
  },
  "./VRU_videos/DoTA/VRU_2.mp4": {
    "pred": "The video depicts a collision on a busy city street from a vehicle's interior. As the video starts, the road is bustling with vehicles including a mix of cars and a bus moving in both directions. The sky is clear, and the lighting suggests it's around daytime.\n\nAs the video progresses, the camera is positioned behind the car with the pedestrian, who is running across the street, creating a blur in their back. The car in front continues to navigate through the traffic. The pedestrian seems to be in the middle of crossing the street, and the car approaches with increased speed, as indicated by the speedometer, which shows the vehicle is moving from 0 km/h to 18+ km/h, passing by before a collision occurs.\n\nUpon hitting the pedestrian, there is a brief flash of light from the impact, and there is a visible stop at the intersection, indicating the car in front makes a sudden brake or turns, reducing speed significantly on the road. The pedestrian begins to move away"
  },
  "./VRU_videos/DoTA/VRU_3.mp4": {
    "pred": "The video appears to depict a scene from a car recording, viewed from the driver's perspective, suggesting it’s taken from an elevated vantage point such as a dashboard camera. The setting is a multilevel road with other traffic lanes and traffic signs visible. The backdrop features a clear blue sky with some residential buildings.\n\nIn the center of the frame, a silver sedan is seen stopped against traffic, waiting to proceed. To the left, a blue truck is halted, while a person is approaching it, seemingly to assist the driver.\n\nThe scene is bright, indicating daylight with minimal cloud cover. There's consistent traffic flow, and the environment suggests it's either early morning or late afternoon, with the sun positioned towards the camera's left side. \n\nAs time progresses, the silver sedan moves closer to the truck, indicating an imminent collision. The person now appears to be a pedestrian attempting to assist the driver. The person shifts from being on the left-hand side of the frame to being clearly mid-str"
  },
  "./VRU_videos/DoTA/VRU_4.mp4": {
    "pred": "In the given scenes, a vehicle is seen driving across an intersection, encountering a collision with two bicycles. The cyclists are on their respective paths, with one standing still and the other taking off towards the pedestrian crossing. The environment appears to be an urban area with a mix of buildings and green trees. The setting suggests late afternoon or early evening, with daylight conditions and a partly cloudy sky. The car, which appears to be following the cyclists closely, maintains a slow speed amidst the movement, illustrating an accident amidst everyday city life."
  },
  "./VRU_videos/DoTA/VRU_5.mp4": {
    "pred": "The video appears to depict a night-time driving scenario on what is likely a rural or semi-urban road rather than a city highway. The visibility is low, suggesting it could be late at night or in a dimly lit area. There is no clear indication of the weather conditions due to the darkness, but the headlights of the car and the vehicle ahead are engaged, providing illumination for the driver. \n\nAs the video progresses, the vehicle approaches the camera from an angle, entering the frame on the left side, while another vehicle ahead, with its headlights and tail light illuminated, appears further ahead, suggesting it is traveling at a moderate speed. A pedestrian or animal suddenly enters the scene, crossing the road from the passenger vehicle's path to the opposite lane. The impact of the pedestrian is not immediate, evidenced by the slight blurring of the front of the vehicle approaching the video frame as it nears this point, indicating the collision’s impact.\n\nVehicle dynamics become visible with motion blur and increased clarity"
  },
  "./VRU_videos/DoTA/VRU_6.mp4": {
    "pred": "The video shows a night scene captured from the interior of a vehicle on a two-lane road. The road appears to be wet, reflecting car headlights. The time is indicated as 19:18 and 2019/02/13, with a timestamp and speed as \"8K/19H H\" (likely HK, representing Hong Kong in the context of the video). \n\nAs the video progresses, the car's rear lights become visible, and initially the car ahead has a red light, suggesting stopped or slowing. Then, a traffic light turns red suddenly, resulting in a collision. A man wearing a dark outfit and helmet is seen getting hit, lying on the road as the impact occurs. Despite this sudden event, some car lights and headlights from the surrounding vehicles remain on, illuminating the road ahead.\n\nThe dashboard display of the vehicle, showing speed, remains lit throughout these frames. The environment suggests the event occurred in an urban setting,"
  },
  "./VRU_videos/DoTA/VRU_7.mp4": {
    "pred": "The video captures an emergency braking maneuver from the perspective of a dashcam in a nighttime urban environment. Bright headlights and trailing vehicle lights illuminate the street scene, with a red pickup truck, possibly a delivery truck, in the lead maintaining a safe distance. As the vehicle approaches, the red vehicle comes to a halt abruptly with visible damage on its front bumper. Despite the force of the crash, the driver’s reaction is minimal, suggesting a skillful maneuver. The sky is dark, and artificial street lighting casts an orange glow, highlighting the scene. The dashcam's camera stabilizes to show the immediate aftermath, capturing debris and dust around the damaged truck."
  },
  "./VRU_videos/DoTA/VRU_8.mp4": {
    "pred": "The video displays a winter urban setting, marked by snow covering the ground and sidewalks. The scene captures a vehicle in the driver's seat, possibly a modern SUV, viewed from within a dashboard camera. The highway appears to be icy, indicating snowfall, and street signs with yellow and green are visible, providing navigational guidance.\n\nInitially, a pedestrian is observed crossing the street, dressed in dark clothing and carrying a light load, possibly for assistance. As the vehicle approaches, the pedestrian moves from the sidewalk across the road towards the center of the crosswalk, indicating an attempt to cross. Subsequent frames reveal a tense moment as the vehicle attempts to make a right turn, narrowly missing the pedestrian who seems to be attempting to cross the street. In the final frame, the front left side of the car shows visible damage from impact with the pedestrian, who appears to be bent over, presumably assessing or recovering from the collision. The vehicle's speed and trajectory have been increased to compensate for the sudden disruption"
  },
  "./VRU_videos/DoTA/VRU_9.mp4": {
    "pred": "The video displays a collision during a traffic jam on a heavily cleared road, snow-covered with patches of untouched grass. Two vehicles are present: a beige-colored car leading the traffic in the center of the frame, and a black sedan following behind. The beige car has a green and white advertisement for a service on its rear window, along with a phone number and website, suggesting it might be a delivery service business. The beige car's license plate is not clearly visible, and there's snow on the ground, indicating it's either late afternoon or early morning.\n\nThe video captures the moment just after the beige car has passed another vehicle, which later appears to have skidded due to the thick snow in front of it. The sedan that previously passed remains stationary on the right, while the beige car continues on the left side of the frame. Snow is flowing in various directions on both sides of the road, contributing to the chaotic traffic conditions.\n\nPedestrians are visible in the frame; a person"
  },
  "./VRU_videos/DoTA/VRU_10.mp4": {
    "pred": "A traffic light in an urban setting displays green, signaling vehicles to proceed. The scene captures a street intersection with cars stopped at the light, trees devoid of leaves indicating either cold weather or dormant foliage. The footage is viewed from a vehicle, likely a dashcam, focusing on the pedestrian in motion wearing a dark jacket, jeans, and sneakers. The pedestrian approaches a collision at an intersection, indicated by the vehicle's front right angle, suggesting the initiation of a pedestrian crossing event. The traffic light is green, showing that pedestrians can proceed ahead. The video's quality suggests it was recorded during early morning or late afternoon. The pedestrian's speed is not clearly discernible from the footage provided, and their exact behavior as described doesn't significantly affect subsequent events."
  },
  "./VRU_videos/DoTA/VRU_11.mp4": {
    "pred": "The video depicts a nighttime scene on a multi-lane road where traffic appears to be moderately slow due to the darkness. Initially, the camera is stationary, likely a dash-mounted camera from inside a vehicle, capturing the road ahead. The camera captures the road clearly from a moving perspective, with a timestamped scene in 2018/11/17 at 22:02:29. \n\nAs the video progresses, a pedestrian suddenly appears on the right side of the road. The silhouette, captured by the camera's night light, indicates the pedestrian is moving quickly from the left, likely due to a collision. The pedestrian's movements become more frantic, suggesting rapid escape from an unseen threat or vehicle.\n\nThe scene of the collision is centered, with the pedestrian hitting an object or vehicle on the road. The impact is immediate, and the camera, likely equipped with a higher-end camera setup, captures the moment in detail as the vehicle that was initially stationary comes to"
  },
  "./VRU_videos/DoTA/VRU_12.mp4": {
    "pred": "The vehicle in focus is positioned slightly left of the central lane of traffic, surrounded by other cars at an intersection. The video captures the moment the white car moves from left lane to right lane, suggesting a right turn. The traffic light at the intersection shows a red signal. Vehicles are of various colors - white, black, yellow, silver - and are spaced apart, indicating a controlled intersection. Pedestrians are visible on the sidewalk to the right of the road, some crossing while others wait. There is a mix of adults and children wearing coats, indicative of cool weather. As the white car proceeds, it maneuvers slowly to avoid the intersection, turning to the right with a cautious stride. The speedometer for the vehicle displays a speed of 18 km/h. The dynamic between the vehicles and pedestrians is captured, and the viewer's perspective is from within a car positioned at the side, tracking the path of the white car as it exits. The weather conditions convey an overcast day."
  },
  "./VRU_videos/DoTA/VRU_13.mp4": {
    "pred": "The video captures a traffic crash on a road leading to an urban residential area. It starts with a view from inside a vehicle, showing a black car driving down the street that has parked cars on both sides and tall residential buildings visible in the background under overcast weather conditions. \n\nAs the video progresses, the car in front moves towards an intersection. The street then starts to curve, indicating the potential for a one-way street. Two pedestrians appear to cross the street at the moment the initial crash occurs. \n\nThe primary focus of the collision happens on the right side of the frame, where a black car enters into the crosswalk, causing it to shift to the left. The black car's brake lights flash, signaling an imminent collision, while pedestrians pause and observe the situation on the road.\n\nThe black car then comes to a halt at the side of the road. The pedestrians are already standing in front of it, one of them now seen wearing a red beanie, possibly observing the aftermath or"
  },
  "./VRU_videos/DoTA/VRU_14.mp4": {
    "pred": "The video opens from a driver's perspective on a daytime city street, captured from the vehicle's dashboard camera. It is winter, evidenced by the snow on the ground, with buildings and leafless trees lining the streets. Power lines overhead converge towards the center of the road. As the vehicle moves forward, it approaches an intersection. A pink tram and other vehicles come into view, some in contact with the car from the rear. However, the tram successfully maneuvers around the car, and it continues on its path. The scene is tranquil, with no pedestrians crossing the street. The footage is timestamped, showing a phone number and video platform information. The environment is quiet, and the sky is clear blue."
  },
  "./VRU_videos/DoTA/VRU_15.mp4": {
    "pred": "The video captures a nighttime scene where a car is stopped at a red light by a police car. The weather appears to be rainy, as vehicles' headlights and taillights reflect off the wet road. Initially, a pedestrian is seen walking across the intersection, but then suddenly collides with the car. The pedestrian loses balance and topples over the car, causing signs of impact, including dirt splashes on the windshield. The car's headlight remains on as it waits for the pedestrian to recover. The overall scene is illuminated by streetlights and headlights, with rain droplets visible on the screen."
  },
  "./VRU_videos/DoTA/VRU_16.mp4": {
    "pred": "The video captures an incident on an urban road during the daytime with partly cloudy skies. The scene begins with a view from a vehicle's dashboard, showing a roadway flanked by trees on both sides. The time displayed is 12:08:19, recorded by a camera with a timestamp of September 2016 at the location 'CAR CRASHES TIME YOUTH OREGON.'\n\nOn the road ahead, a pedestrian is seen falling off a car. The vehicle with the pedestrian is in focus, moving forward, and the surroundings suggest the time of day. As the pedestrian's body is fully retracted, there is negligible motion blur due to the speed of the vehicle approaching the fall. The road appears relatively clear of other traffic, as several cars can be observed ahead.\n\nThe pedestrian, dressed in a light-colored top and dark pants, experiences a significant impact, with their body extending across two lanes. An overlying yellow traffic sign with a triangular warning symbol is visible"
  },
  "./VRU_videos/DoTA/VRU_17.mp4": {
    "pred": "The video captures a car crash in an urban environment at twilight. The scene is in low daylight with streetlights illuminating the road ahead. The sky, overcast with clouds, suggests a cool evening or early morning. The vehicles involved are likely involved in a motor-vehicle accident, causing traffic to slow or halt momentarily. The driver appears to be in their vehicle, assessing the situation. A cyclist has fallen to the ground in the early stages of the crash, indicating a lack of human oversight of such incidents. The pedestrian's posture suggests they are in the middle of the road, trying to avoid the collision. Overall, the dynamics of the collision are abrupt due to the sudden placement of the car amidst the pedestrian's passage."
  },
  "./VRU_videos/DoTA/VRU_18.mp4": {
    "pred": "The video captures a frontal collision within a city street. A yellow vehicle is positioned in the foreground, showcasing its black tailgate. Following closely behind is a pedestrian in an orange vest for safety, dressed in a black outfit with white stripes. They step into the yellow vehicle's path in a display of motion blur due to the lateral speed of the collision. The pedestrian's posture suggests a step that would likely cause a fall. The road is clear, and the sky is bright, indicating fair weather conditions. The urban setting features multi-story buildings, indicating a relatively dense city environment. The video appears to be hand-captured, possibly taken with a smartphone or a similar device, emphasizing the action within the frame."
  },
  "./VRU_videos/DoTA/VRU_19.mp4": {
    "pred": "The video begins with a view from a car driving on a multi-lane roads within a city. Initially, the scene is relatively calm with vehicles moving steadily. As the video progresses, the focus shifts to a crash scene, highlighted by the appearance of an individual pedestrian walking on the sidewalk adjacent to a road. This pedestrian appears to be crossing an intersection while seemingly interacting with the person on the ground, who is a small dog or possibly a young child, indicating an interaction or communication between them.\n\nThe video captures the moment of impact, showing the dog or child falling to the ground in the typical dynamic sequence following a collision with a vehicle. Post-collision, there's a brief recovery of vehicle speed as the car approaches the collision site while the pedestrian and the small animal are stationary. The road environment suggests an urban setting, as indicated by the signage suggesting a road restriction and typical street landscape with buildings. The weather appears overcast, with cloudy conditions. The road markings and lane divisions are clearly visible"
  },
  "./VRU_videos/DoTA/VRU_20.mp4": {
    "pred": "The video is taken from the perspective of a dashcam positioned at the rear of a dark-colored SUV situated on a road with visible snow and muddy patches. The scene unfolds in cold weather with overcast skies, and power lines crisscross the sky, indicating early morning or late afternoon. A pedestrian in a bright red jacket is captured approaching the SUV from the left of the frame. The SUV, appearing to be an older model, is situated slightly ahead of the pedestrian, who is blurred due to motion. A few other vehicles, including a white truck parked nearby and several cars moving in the same direction, populate the scene. The camera's view remains fixed, maintaining a consistent focus on the SUV and the pedestrian, though little action is seen in both vehicles. The pedestrian’s posture suggests they might be adjusting or bracing for impact, moving slightly to the right of the SUV as the scene progresses."
  },
  "./VRU_videos/DoTA/VRU_21.mp4": {
    "pred": "The video showcases a sequence of moments following a potential car collision as captured from a vehicle's dashboard camera, identified as \"PROLOGY\" and dating back to November 25, 2016. The timestamp indicates it was recorded at 09:13:54. The scene takes place in a rural area with snow-covered roads and a semi-rural environment.\n\nInitially, the vehicle observes other drivers moving slowly off-screen, potentially indicating a potential hazard or obstacle ahead. The car ahead is stopped, and the driver appears to be observing the situation attentively. The scene captures a moment of traffic slowdown before a dramatic transition occurs. Suddenly, the car veers off the main road and accelerates onto what looks like a narrower or newly formed junction, potentially due to an accidental collision involving other vehicles. This swift turn towards the new road is marked by the car's increased speed and the apparent disruption in its trajectory.\n\nJust after crossing the junction, the vehicle’s trajectory slightly"
  },
  "./VRU_videos/DoTA/VRU_22.mp4": {
    "pred": "The video shows a nighttime scene on a rural road, where a car is seen from a dash-mounted camera point of view. Initially, the car is approaching a stop sign or pedestrian crossing. Shortly after, a pedestrian running across the road becomes a clearer sight due to blurriness. The pedestrian, wearing light-colored shorts and a light-colored shirt, appears to engage in some activity on the road as they run past the camera. The environment is dark, and streetlights illuminate the scene. The car seems to maintain its direction and speed. In the final frame, the car is seen driving away from the pedestrian crossing, continuing down the road. The car's trajectory is consistent with the pedestrian moving towards it, and traffic lights are present ahead. The pedestrian has advanced farther away from the vehicle, and there is no visible movement from it."
  },
  "./VRU_videos/DoTA/VRU_23.mp4": {
    "pred": "The video captures a scene from inside a moving car experiencing a vehicle collision on a multi-lane road with a dense building in the background. The car is approaching from the opposite direction, and we can see the rear lights of an SUV and a silver sedan ahead. Initially, the SUV is in front of the car we're in, and the sedan makes a right turn in close proximity. As the car moves forward, the SUV begins to swerve to the left lane and eventually collides with the silver car's right side. The silver car stops abruptly, and one of its occupants, a man in a blue shirt, falls off the road onto the grass beside the road, indicating the impact with the stopped car. The surroundings are urban, with similar buildings in the distance, and it appears to be either dusk or dawn due to the muted lighting."
  },
  "./VRU_videos/DoTA/VRU_24.mp4": {
    "pred": "The video starts with a nighttime urban scene, captured from the perspective of a vehicle's dashboard camera. The setting features multiple lanes with vehicles ahead, street lamps, illuminated signs, and an overpass in the background. A sudden crash occurs, characterized by the front left side of a vehicle flipping into the road ahead, displacing other traffic. A gray car quickly approaches the scene, and its rear is visible after colliding completely with the overturned vehicle. The debris ripples through the air, and the car swerves dangerously, but narrowly avoids another traffic jam. The overall perspective offers a dynamic and realistic depiction of a severe vehicular collision set within the urban environment."
  },
  "./VRU_videos/DoTA/VRU_25.mp4": {
    "pred": "The video appears to show the outcome of a vehicle crash on a snowy, snow-covered road, likely within an urban park setting, judging by the buildings visible. The timestamps indicate 9:45 AM on 2017/02/15, with the watermark showing '18+' indicating it's not for children. The sunlight suggests it's either morning or late afternoon.\n\nInitially, the sun casts a silhouette against a clear sky, and there's a mix of parked cars, including a distinct red vehicle which seems detached from other vehicles, possibly the source of the impact. As the video progresses, more cars enter the frame, suggesting vehicles involved in the crash.\n\nThe first collision is an intense front-end impact with at least one white car losing control. Within the frames, the white car loses clearance and veers leftwards off the road, ultimately hitting a rear-end collision onto a second white car, with its doors open and the front of the car facing downwards. The"
  },
  "./VRU_videos/DoTA/VRU_26.mp4": {
    "pred": "The video is a first-person perspective of a car, seen from the vantage point of a dash cam mounted on the dashboard, indicating a sunny street scene as typical weather conditions. The street is lined with classical buildings and there is moderate activity, with other vehicles on the road and pedestrian movement on the sidewalk. \n\nThe dashboard of the car shows a timestamp, speed in kilometers per hour (km/h), and GPS coordinates (N-53.422227, M-20.686652), with a vehicle speed of 0 km/h detected for navigation purposes. A light-colored sedan passes by the camera first, followed closely by a red car ahead and a silver car behind. \n\nA pedestrian in a blue jacket and dark shorts comes into focus, holding a shopping bag and crossing the street in the direction of the camera. As the pedestrian exits the frame, the sedan moves past the pedestrian, approaching the sedan in front for an impingement collision"
  },
  "./VRU_videos/DoTA/VRU_27.mp4": {
    "pred": "The video captures an urban scene during daylight with a clear sky. It begins with a pedestrian crossing the street, wearing casual clothing, likely carrying bags, as they move from the right to the left of the frame. The environment shows a mixture of vehicular traffic, with cars such as an SUV, a sedan, a car, and a police vehicle visible. These vehicles are traveling at different speeds and directions, adding to the dynamic of the scene.\n\nAs the video progresses, the pedestrian loses balance and falls into a puddle of water on the road surface, causing a collision. The movement of the pedestrian and the impact are highlighted by the camera lens flare, emphasizing the speed of the vehicle. The pedestrian remains on the road and is seen amidst the puddle, indicating that the impact was sudden.\n\nIn the subsequent frames, the presence of a white police car becomes clear, indicating that the pedestrian collision is not just a random event but has a recorded incident. The pedestrian, now visibly injured, is"
  },
  "./VRU_videos/DoTA/VRU_28.mp4": {
    "pred": "The video is a dashcam shot from within a vehicle traveling on a city street. A green bus with markings that suggest it is a tram is halted at a stop. The scene is overcast, and the lighting is muted. Pedestrians are waiting for the tram; some hold briefcases and bags, suggesting travel or business. The surroundings include multi-story residential buildings and commercial storefronts, indicating an urban environment.\n\nIn the next few frames, a pedestrian exits the tram onto the sidewalk, followed by the bus. As the bus continues down the street, a pedestrian struggles to walk towards the camera, dropping to their hands and knees, likely due to a tripping incident. They remain on the sidewalk for a moment before attempting to stand up.\n\nThroughout the scene, there is little to no change in vehicle speed or movement, as the viewer's point of view within the vehicle remains steady with no adjustments in angle or perspective. There's no significant change in weather conditions; the pavement appears wet,"
  },
  "./VRU_videos/DoTA/VRU_29.mp4": {
    "pred": "The video captures a sequence of a car suddenly colliding with a pedestrian in a snowy, forested area typical within an urban setting. A vehicle with emergency lights activated is involved in the event. The road appears wet and icy, with snow covering it. The dashboard view of a camera from a dashcam reflects the passing views.\n\nAs the video progresses, the car swerves to avoid the collision, moving on the wet road but stopping to make adjustments with its headlights and mirrors. The pedestrian, likely taking a necessary step to safety, appears to brace themselves, but eventually, the vehicle and pedestrian both lose traction and are unable to maneuver.\n\nThe scene stabilizes as the pedestrian is finally removed from the road, though an initial collision occurs between the road and the vehicle from which that footage was recorded.\n\nThe vehicle, responding to this erratic behavior, makes a left turn, exiting the collision site and moving down the road. The pedestrian remains near the roadside, now without the vehicle.\n\nThe perspective shifts to"
  },
  "./VRU_videos/DoTA/VRU_30.mp4": {
    "pred": "The video captures a severe vehicular collision on a wet, overcast winter day on a city street. Vehicles, primarily a white bus and a dark SUV with flashing red lights, are involved in the accident, evident from their abrupt stops and the vehicle's skidding. The SUV runs parallel to the bus, then veers to the left to avoid a pile-up.\n\nThe front end of the SUV collides with the front of the bus, leading to a critical impact that stretches across the length of the roadway. The SUV is heavily damaged, and debris can be seen scattered over the snow-covered ground. The rear side of the SUV approaches the tree line, maintaining equilibrium as it collides with the bus, which is now stationary with its lights out.\n\nA pedestrian becomes alert and visibly struck by the SUV, their body positioned on their back, suggesting a forceful impact resulting from the crash. Though their legs and soles of shoes are visible in the air, their form suggests an effort to try"
  },
  "./VRU_videos/DoTA/VRU_31.mp4": {
    "pred": "In this video, the scene unfolds on a cold, wintery street in a residential area, with the street surfaces coated in snow. The road is narrow, flanked by a mix of light-colored buildings and various residential cars, indicating a pedestrian zone likely used for carrying supplies or performing maintenance work.\n\nInitially, the video shows the car’s camera from a first-person perspective, capturing the serene environment before devolving into a moment of unexpected mishap. The road is lined with buildings, one notably featuring a blue and white facade, typical of an industrial or commercial premises. Vehicles parked against the buildings, as well as scattered cars on the street, indicate a well-used area.\n\nThe video captures a pedestrian standing on the snowy pavement but soon begins to walk briskly. This unexpected movement of the pedestrian is juxtaposed sharply with the otherwise static environment, illustrating a clear shift in perspective. The pedestrian’s behavior suggests a sudden change in motion, which disrupts the otherwise halted traffic.\n\nAs the scene progresses"
  },
  "./VRU_videos/DoTA/VRU_32.mp4": {
    "pred": "The crash occurred on a damp, narrow residential street during daylight, with the footage timestamped from January 28th, 2016, at 16:30:10. The time display indicates the duration of the crash, and the camera is positioned from the passenger's perspective in the driver's seat, with the dashboard and steering wheel visible.\n\nInitially, a dark sedan and other cars are parked on the left side of the street. The scene begins with the car in front of the camera moving at a low speed, with a visible white diagonal line indicating lane markings. The environment is urban, with painted residential buildings lining the street.\n\nAs the video progresses, the car slows down and the sedan moves ahead of it. The vehicles do not interact in an immediate collision, but the sedan's driver exits, running off the road to the right and approaching a curb and fallen debris. The sedan and the car collide at an angle with the car hitting the curb near the"
  },
  "./VRU_videos/DoTA/VRU_33.mp4": {
    "pred": "The video depicts a nighttime street scene, presumably in an urban environment. The traffic appears to be minimal, with vehicles moving slowly or stopped at traffic signals. The street is smooth, with no marked lane lines, implying good road conditions despite the absence of light pollution. The road is well-lit by street lamps casting a warm, yellow glow. A notable landmark, a cluster of illuminated structures, rises into the background, contrasting the urban night but also being undetected by our vehicle’s camera.\n\nThe timestamp on the video indicates \"2019/04/23 20:59:04,\" and the camera is likely behind the speedometer of the vehicle, capturing the steady, forward-facing view. The sky appears dark, suggesting that it is nighttime. No passengers are visible in the vehicle, and the camera does not capture the behavior of a person or an interaction with pedestrians, limiting details beyond that.\n\nThroughout the scene, the vehicles are moving at a steady"
  },
  "./VRU_videos/DoTA/VRU_34.mp4": {
    "pred": "The video captures a snowy winter scene at an intersection with multiple vehicles stopped and some in motion. A white passenger car with the license plate number 'G-300-AO-01' is at the center of the frame, following behind a white SUV on a snow-covered road. Other cars are visible, but none are actively moving. The surroundings show residential buildings and an overcast sky, indicating cold weather.\n\nThe white SUV ahead slows down when encountering the white passenger car, but the passenger vehicle appears to be at an intersection where it's a critical moment waiting for the traffic light to change. A pedestrian dressed in dark winter clothing is seen approaching from behind the SUV, intending to cross the intersection. Their posture, with one foot forward and the other slightly behind, suggests a slow approach.\n\nMidway, the white SUV's front lights become visible, indicating the vehicle is preparing to brake or stop. The SUV then stops completely, signaling the impending halt of the white passenger car. Suddenly"
  },
  "./VRU_videos/DoTA/VRU_35.mp4": {
    "pred": "The video depicts a traffic incident characterized by a pedestrian accidentally crossing the road. The scene unfolds an urban environment, under a clear blue sky with scattered clouds suggesting a sunny day. The vehicle, likely a modern car given its distinct shape and size, follows the road's lane, capturing its forward movement. The pedestrian, donned in a black outfit, appears to walk briskly along the side of the road, losing the safety of the street. \n\nOn the opposite side of the street, a building with red and yellow walls stands alone, with power lines crisscrossing above. Power lines and utility poles connect the street to adjacent areas, adding to the urban atmosphere. Street signs are visible and one road sign with English text can be spotted, indicating a location or direction.\n\nAs the pedestrian moves from right to left along the road, the vehicle maintains a steady speed and maintains its path through the intersection. The pedestrian loses grip and falls to the ground but does not continue crossing; instead, their"
  },
  "./VRU_videos/DoTA/VRU_36.mp4": {
    "pred": "The video provides an incident report from a surveillance camera during a car crash. The scene takes place on a city street with tall apartment buildings, leafy trees, and various street activities. A male pedestrian wearing a dark jacket and beanie walks along a bus-stop line next to a green plastic bag. Unexpectedly, a white van crashes into him, flipping upside down in mid-air and landing near the side of the road. The aftermath reveals the van's occupants having fallen to the ground, with visible impact marks indicating a severe impact. The video captures the crash's immediate aftermath with the van's occupants lying on the ground, implying that they were likely killed. The impact is characterized by the collision's momentary stability, as evidenced by the white van's upright position, while the adjacent car approaches without immediate action. The timestamp indicates the event occurred on a sunny day, and the scene's safety measures, such as the presence of a green bag, appear to indicate a temporary situation."
  },
  "./VRU_videos/DoTA/VRU_37.mp4": {
    "pred": "The video presents a dashcam view of a daytime road scene at dawn, with the first frame showing a driveway filled with fallen leaves and scattered twigs, indicating a recent storm or heavy rainfall. Residential houses and a truck are visible on either side, surrounded by utility poles and electrical lines. \n\nIn the second frame, an emergency situation unfolds. A pedestrian, wearing dark clothing and a light-colored tank top, dashes into the middle of the road from behind a large truck, seemingly in distress. The truck, which is white and red, occupies a part of the road to the right, while the pedestrian narrowly crosses in front of the truck without incident. \n\nAs the video progresses to frame three, the pedestrian, now much closer and appearing more agitated, makes a sudden turn to the left while maintaining a steady pace. The truck continues advancing as if unaffected by the pedestrian's rapid movement across the road. The scene's urgency increases as the pedestrian is captured in mid-step, suggesting possible escape or"
  },
  "./VRU_videos/DoTA/VRU_38.mp4": {
    "pred": "The video shows the aftermath of a crash with a red truck on the left, a black van in the middle, and a pedestrian approaching on the right. The scene takes place on a wide road with visible lane markings and a speed limit sign indicating the limit is 20 km/h. Buildings line the road, trees provide shade, and a clear sky suggests it is daytime. The pedestrians appear cautious, standing alert and facing the camera's view while the vehicles maintain their positions.\n\nIn the first frame, the truck is approaching from the left and the pedestrian starts crossing the road. As the pedestrian approaches closer, the truck appears further away, suggesting a possible collision. The pedestrian continues the crossing on the right, with shadows extending further away, indicating the sun's position.\n\nIn the subsequent frames, the pedestrian and the van begin to move as indicated by movement and acceleration on the road, indicating loss of stability. The truck, initially stationary, starts to make contact with the side of the van, and"
  },
  "./VRU_videos/DoTA/VRU_39.mp4": {
    "pred": "The video depicts a collision that occurred on a busy city street. Initially, a blue car is seen approaching from the back for the blue, white, and red cars, partially blocking their lanes in a traffic incident on the right lane. Traffic lights at the intersection indicate it's daytime with cloudy weather. Pedestrians are crossing the street, standing on the sidewalks, and appear to interact with the oncoming vehicles. The blue car is seen making an attempt to overtake, but ultimately crashes into the red car in front, causing the blue car to stop and the red car to swerve to avoid the collision, followed by the blue car moving back into the left lane with the previously crossed pedestrian. The surrounding environment shows urban buildings with various signs in shades of red, blue, and white, typical of city signage. The overall scene is tense, capturing the moment of a vehicular collision amid urban street activity."
  },
  "./VRU_videos/DoTA/VRU_40.mp4": {
    "pred": "The video captures a dramatic automotive event on a sunny street setting. It begins with a stationary white SUV in the center of a multi-lane road, surrounded by a few other vehicles and pedestrian traffic. The road is clear except for the pedestrian crossing the road, dressed in light-colored clothes and appearing to be crossing with intent. The surroundings are urban, with various buildings, shops, and green accents like palm trees lining the asphalt.\n\nAt the same time, the camera’s perspective seems consistent with driving, providing a sense of immediacy and engagement. The vehicle’s speedometer indicator displays a reading of approximately 100 km/h, indicating a steady and cautious cruise. However, shortly after, a sharp turn occurs on the opposite side of the street. A white van, followed closely by a green vehicle, enters the scene. The pedestrian suddenly moves swiftly from their crossing to follow the moving vehicles. The truck’s driver appears to be swerving slightly off the road, possibly to make a left turn"
  },
  "./VRU_videos/DoTA/VRU_41.mp4": {
    "pred": "The video captures a moment amid a bustling city intersection during daylight. The clear sky indicates it's a pleasant day. Traffic is moving smoothly, with cars and a vehicle with a green and white livery weaving through. Pedestrians and cyclists play standard roles in the intersection. A large billboard advertising, 'Bike for Your Health,' is placed vertically adjacent to the traffic.\n\nAt approximately 18:31:53, a pedestrian dressed in gray, dark pants, and sneakers is seen crossing the street from the right. This person appears to be in mid-stride as they move across the intersection without turning. Shortly thereafter, the pedestrian loses balance, causing both their body to flip over while still in mid-air.\n\nImmediately after the fall, and under the influence of gravity, the pedestrian is seen lying on its side on the ground in the crosswalk. As the view shifts, the pedestrian exits the frame's immediate field of view. Eventually, the scene stabilizes, showcasing the scattered"
  },
  "./VRU_videos/DoTA/VRU_42.mp4": {
    "pred": "The video captures a road accident in an urban setting on a cloudy day. The main subject, a white van, collides with a black car at a sharp turn on an underpass. The van has a visible license plate and is navigating a curve with caution, indicated by its cautious stance. The black car is seen in the left lane, seemingly attempting to overtake. The pavement is reflective, suggesting recent rain or a nearby puddle. The road signs are mostly obscured but are near the right of the frame, with one sign reading \"Give Way.” Both vehicles appear to be in motion due to the wet conditions, with van's speed appearing low. Other vehicles are passing, and greenery is visible, while a pedestrian crossing the street is captured in the background, though their behavior is not the focus of the scene. Throughout, the weather has an overcast ambiance."
  },
  "./VRU_videos/DoTA/VRU_43.mp4": {
    "pred": "The video depicts a nighttime scene of a nighttime road, where a car with lights on approaches an intersection. The car makes a turn and continues down the road without hitting anything. In the second frame, the car exits the scene, and in the third frame, a pedestrian appears on the road, moving away from the car. In the fourth frame, a car is moving from the left to the right of the frame toward the pedestrian on the right side. In the fifth frame, a collision occurs between the car and the pedestrian, indicated by the car’s front bumper and front lighting. The fourth frame records the car's continued forward motion. The time, date, and traffic information are visible in the lower-left and right-center frames, respectively."
  },
  "./VRU_videos/DoTA/VRU_44.mp4": {
    "pred": "The video captures a car that has veered into an adjacent pedestrian pathway, causing a commotion as pedestrians attempt to clear the area. It appears to be a busy urban road, with moderate traffic including a yellow truck and cars driving alongside the erratic movement of pedestrians. The sky above is mostly clear with some scattered clouds. The pedestrian, dressed in a dark top and light pants, is seen running and falling on the ground, narrowly avoiding falling off the road. The vehicle passing by shows disorientation as it tries to dodge the fallen pedestrian. Visibility changes slightly as the pedestrian's presence impacts pedestrian behavior during the collision."
  },
  "./VRU_videos/DoTA/VRU_45.mp4": {
    "pred": "The video captures a street incident involving a motorcycle rider and an ambulance escorting a vehicle on a tree-lined urban street. Initially, the rider is seen standing still before another motorcycle loses control and crashes, derailing mid-air. The impact causes visible damage to both vehicles and debris on the road. The motorcycle rider exits the bike, wearing a helmet and dark clothing, and lies on the ground with injuries present. Following this, another individual in light-colored attire approaches, bends over, and appears to assist with the situation. The surrounding environment is urban, featuring parked cars, a white ambulance, and neatly trimmed trees. There is noticeable daylight with some overcast skies. The video's angle provides a forward-facing view, with the focus on the unfolding collision."
  },
  "./VRU_videos/DoTA/VRU_46.mp4": {
    "pred": "The video shows a nighttime scene from a police car's dashcam capturing a vehicle that appears to have collided with a pedestrian. The footage is timestamped from June 3, 2016, at 18:14:02. The environment is mostly dark, with streetlights and illuminated trees casting a yellowish glow on parts of the street. The vehicle approaches the scene and eventually crashes into the pedestrian, creating a dramatic impact.\n\nThe collision is centered, causing the vehicle to shift slightly while the pedestrian is still airborne. The pedestrian seems to be in mid-air, possibly having been thrown by the impact. There is no mention of the vehicle performing any maneuvers such as making sharp curves or quick changes of speed in the video. \n\nThe vehicle's position remains relatively unchanged in orientation after the crash. The street is mostly quiet, with no other vehicles or pedestrians in the immediate vicinity of the collision. The pedestrian’s posture indicates a momentary loss of air, suggesting they fell"
  },
  "./VRU_videos/DoTA/VRU_47.mp4": {
    "pred": "The video captures a traffic jam on an overcast, rainy day at an intersection. Vehicles in various colors, including blue, white, and gray, make their way through the traffic. At least three buses are visible, with bus headlights reflecting in the wipers of the scene. One of the buses, marked with 'Los Angeles Transit,' is in the right lane. A police car is also present, positioned slightly to the right towards the bottom of the frame. The rain creates puddles, and wet road conditions suggest heavy precipitation.\n\nAs the clip progresses, a pedestrian, wearing yellow, appears to be running across from the bus lane onto the roadway, interacting with an approaching car. The movement is abrupt, indicated by the person's dynamic motion and the blur on the vehicle. Nearby, three individuals, one in a dark jacket, appear to be observing the pedestrian's actions without noticing or intervening, despite being on the roadway.\n\nThe camera captures the urgency and unpredictability of this situation, with the"
  },
  "./VRU_videos/DoTA/VRU_48.mp4": {
    "pred": "The video features a scene captured from within a vehicle, following the movement of a white sedan through a cross-street intersection. The setting is a clear day with lush trees and bright blue skies, creating a serene urban environment. The road is marked with white lines, interspersed with a pedestrian walking across the crosswalk, which stands out against the vehicles and urban backdrop.\n\nIn the first frame, the white sedan is at a crosswalk ahead, with a pedestrian crossing the road. The pedestrian, dressed in a dark outfit, is seen in mid-stride, heading towards the left side of the frame. The sedan, although stationary, is in closer proximity to the pedestrian, suggesting a momentary halt at the intersection due to the pedestrian crossing.\n\nIn the subsequent frames, the sedan maintains a stationary position, observing the pedestrian's movement. The pedestrian continues their crosswalk, with the sedan remaining in close proximity, though crossing away from their path on the other side. \n\nFinally, in the last"
  },
  "./VRU_videos/DoTA/VRU_49.mp4": {
    "pred": "The video captures an outdoor urban intersection on a clear day. The weather conditions appear fair with a strong blue sky. The scene is bright and vibrant with the sun casting sharp shadows onto the road. The light reflects off the clear blue surface, and the road is marked with clearly visible white pedestrian crossed paths, while the asphalt appears slightly worn in parts. \n\nInitially, we see a silver car stopped at the intersection, with its brake lights on, positioned on the left side of the frame. On the right, there's a white pedestrian crossing in the distance, indicating the imminent arrival of another vehicle. The sky in the background is clear and devoid of clouds.\n\nAs the video progresses, traffic starts to move with a bus traveling in the left lane, capturing the onset of chaos following this sudden event. The bus accelerates and turns, and its movements are obstructive on the road leading to an impending collision. \n\nThe scene is filled with dynamic activity as another vehicle, possibly a bus, approaches from"
  },
  "./VRU_videos/DoTA/VRU_50.mp4": {
    "pred": "The video depicts a scene in an urban area with overcast weather, evidenced by the presence of a snowfall and wet conditions. The visibility is moderately low, possibly due to the depth of snow on the roads and visibility drop at the intersection. A car is moving at a speed of 14 km/h, as indicated by the timestamp provided, and the time progression is from 2019/03/21 at 06:46:50 to 06:46:57. The car is traveling at 10 km/h before colliding with a red vehicle just as the pedestrian at the edge of the crosswalk begins to move towards a stop line post the event.\n\nThe road is heavily snow-covered with multiple vehicles, including a blue van, a car marked with the number '37', and other cars parked or driving on the road. Pedestrians are seen moving alongside the road, some walking closer to the moving car,"
  },
  "./VRU_videos/DoTA/VRU_51.mp4": {
    "pred": "The video captures a white sedan colliding with a black sedan at a three-lane street intersection, situated within a residential area, as seen from a dashcam perspective. The sky is overcast. A pedestrian appears at the intersection, moving leftward against the road's edge and not involved in the collision. The vehicles' speed is not visible. The sedan in question is ahead, slightly ahead of the pedestrian, suggesting it is turning from one lane. The collision is immediate and takes place as the sedan completes its turn without stopping to react or react to the other vehicle. The pedestrian seems to be pushing off the road without making a drastic turn, possibly indicating a sudden stop or slip. There are no visible traffic signals in the immediate vicinity of the accident site, suggesting a lack of surveillance by camera. The sedan’s abrupt movement towards a stationary point of impact, and it’s later identified as a significant forceful collision."
  },
  "./VRU_videos/DoTA/VRU_52.mp4": {
    "pred": "The video takes place on a sunny day on an urban road marked with traffic signs. The surrounding environment is a mix of residential and commercial buildings with leafless trees suggesting it's either late fall or early spring. The scene begins with a white SUV approaching a pedestrian crossing to the right. A woman in a teal jacket and dark pants with a red top bag is waiting for permission to cross. She appears to be alert and ready for movement. Despite the pedestrian’s initial position, the SUV suddenly stops abruptly at the pedestrian's request, indicating a potential collision. The woman reacts by quickly taking off as the SUV continues. The road's surface looks dry, indicating that the street may be wet, and the vehicle's brake lights suggest the impending stop. The pedestrian then makes a calculated move to clear the road, walking across the fallen crosswalk while remaining mostly stationary. The SUV then accelerates and drives away from the pedestrian as the collision is inevitable. The vehicle loses traction and swerves, eventually passing the"
  },
  "./VRU_videos/DoTA/VRU_53.mp4": {
    "pred": "The video depicts a city intersection under bright daylight. A car follows behind a pedestrian crossing the street in a non-threatening manner. The vehicle follows closely with a yellow taxi directly ahead, while the pedestrian moves cautiously across the crosswalk. Traffic lights are visible, controlling the flow of traffic. A nearby vehicle follows behind and makes a left turn, moving in the opposite direction."
  },
  "./VRU_videos/DoTA/VRU_54.mp4": {
    "pred": "In the video titled \"City Street with Crashes,\" it captures the aftermath of a significant traffic crash which took place at nighttime on a busy urban street. The traffic light had just turned green, allowing vehicles to proceed through the intersection. However, at this juncture, a collision occurred.\n\nThe scene unfolds on a well-lit street with several buildings and signage in the background. The streetlights cast harsh shadows, creating a tense atmosphere. The camera's angle suggests it's mounted inside a vehicle, providing a point of view that captures both the driver and another person within.\n\nTraffic is observed on both sides of the intersection. One can see cars approaching from the opposite direction, their headlights and brake lights illuminating the scene. The vehicles appear to be in motion, and their colors contrast vividly against the black night sky and the busy urban backdrop.\n\nThe collision itself is sudden, with an off-road vehicle making contact with one of the cars. The forces of impact cause the vehicle to skid"
  },
  "./VRU_videos/DoTA/VRU_55.mp4": {
    "pred": "The video captures an urban street setting, with various vehicles, pedestrians, and urban structures. It starts at a bustling intersection, observed from a dashcam vehicle. As the vehicle progresses, the surroundings include modern buildings, vehicles, and pedestrians moving from the opposite direction. The traffic light is red, and pedestrians are seen on both sides crossing the street.\n\nOn the left, a cyclist with a bright blue jacket is captured almost parallel to the vehicle. Another cyclist wearing a pink helmet and a black outfit is seen in motion. As the vehicle moves, the cyclist ahead is suddenly seen being overtaken. Another cyclist adjusts their motorcycle posture, maintaining parallel traffic flow.\n\nOn the right side, trees line the road, partially obscuring the view. A pedestrian, wearing a black helmet and a white jacket, crosses the streets, seemingly startled by an unseen object. They step slightly past the vehicle with the rider.\n\nThe final scene shows the vehicle approaching another red light, suggesting a change in traffic flow. The cyclist"
  },
  "./VRU_videos/DoTA/VRU_56.mp4": {
    "pred": "The video depicts a street scene, with a timestamp of January 26, 2019, indicating a daytime setting. The vehicle in the frame seems to be in the process of driving down a residential street lined with two-story buildings that house small businesses, including what appears to be a store selling large items. Pedestrians can be seen navigating the street, with one individual wearing bright clothing standing out. The streets are equipped with power lines, and the road is moderately clear, with vehicles such as a truck and several motorbikes visible. The timestamp is overlaid onto a typical vehicular dash cam screen, displaying digital elements like headlights and side mirrors. The footage does not show an immediate vehicular collision; it captures the movement of the truck, motorbikes, and pedestrians across the street."
  },
  "./VRU_videos/DoTA/VRU_57.mp4": {
    "pred": "The video begins with an individual driving at a speed of 73KM/H on a sunny day. The perspective suggests from a vehicle's view, likely an orange or white truck. The road is clear, with only one lane ahead, and the traffic lights are in the red phase, indicating a stop for vehicles. As the vehicle approaches the intersection, two motorcyclists start to come into view from the left and right sides of the road, both moving slowly towards the intersection waiting for the light to change. The traffic light indicates another red phase for vehicles, suggesting the motorcyclists are at a standstill at that point. The environment includes tree cover and greenery beside the road. The vehicle itself seems slow, with signs of wear or dirt from driving. The road surface looks dry, with no visible debris from a potential impact. Throughout the frames, there is a consistent speed of 73KM/H, and no vehicles appear to have moved or collided. The pedestrian's vehicle is"
  },
  "./VRU_videos/DoTA/VRU_58.mp4": {
    "pred": "The video depicts a street scene during daytime with clear skies, providing an open and relatively clear road. The speedometer displays a velocity reading of 54 km/h. The video date is 2020, March 2, 2019. A cyclist is in motion, crossing the road from right to left. \n\nInitially, the cyclist appears to be maintaining a normal speed relative to the speed limit, which might suggest it's either overtaking a slower vehicle or traveling at a standard pace. The vehicle in front of the cyclist is a smaller van, which, together with street signs indicating a one-way road and signage on parked cars and buildings, suggests this might be a quieter, less populated area. \n\nAs the video progresses, the cyclist continues to navigate through several turns and stops. By their perspective, it's evident that the cyclist is not overtaking a regular car but seems to be making a turn at a junction or possibly parking between cars. The road is lined"
  },
  "./VRU_videos/DoTA/VRU_59.mp4": {
    "pred": "The video features a first-person perspective from inside a vehicle driving at night. The scene is set on a relatively empty road with few illuminated street lamps on the sides, creating a calm, dark environment. The car's dashboard and seat are visible outside the vehicle's window. Initially, the car appears in the middle of the road straight ahead, driving in the same direction in straight traffic.\n\nAs the car continues to travel down the road, subtle movements are noted. The vehicle passes by a building at the edge of the road and a gas station on the right, where lighting from the fuel pumps is also visible.\n\nSuddenly, the vehicle approaches a pedestrian walking out of a parked white van moving on the same street. The pedestrian is positioned facing towards the van, moving parallel to the front and to the left of the car's path. The pedestrian's clothing is predominantly dark, contrasting with the vehicle's lit exterior.\n\nIn the final scene, the pedestrian is no longer visible, suggesting the scene might have momentarily"
  },
  "./VRU_videos/DoTA/VRU_60.mp4": {
    "pred": "The video captures a sequence of a car crash involving several vehicles on a city road with tall buildings in the background. The timestamp on the footage reads 2019/03/30 10:59:45. The road is relatively narrow with clear lane markings, flanked by greenery and utility poles, under a partly cloudy sky. The first frame shows a silver car heading to the right turn lane; the subsequent frames depict this car colliding with a rearview mirror of another car on the right lane. The traffic light switches from red to green within the frames, and as the cars make their stops, green traffic barriers are seen on the right side of the road. Pedestrians are observed on the left side, and the surroundings are urban with a multi-story building visible. The environment is consistent throughout, suggesting a stationary camera placed within another vehicle following the crash."
  },
  "./VRU_videos/DoTA/VRU_61.mp4": {
    "pred": "The video appears to depict a nighttime scene on a city street, likely during a daytime road accident. We can see a dashcam on the dashboard, displaying a camera device in the periphery and some text which appears to be digital overlay, possibly warning of the impending collision. The timestamp indicates it occurred on April 2, 2019, at nighttime, with the last visible timestamp being 9:01 AM. The street is lined with city lights, clear and well-lit, and various vehicles are present but not the main focus given the focus is on the vehicle in motion.\n\nAs the video progresses, the perspective shifts showing the progression of the vehicles forward, likely indicating the vehicles driving erratically. The street is moderately busy with cars and trucks moving at a moderate speed, and pedestrian movement is not distinctly noticeable due to the perspective of the camera. \n\nAt one point, a pedestrian crossing the road becomes visible, suggesting they might have been trying to cross but didn't manage"
  },
  "./VRU_videos/DoTA/VRU_62.mp4": {
    "pred": "The video captures a detailed view from behind a vehicle navigating a city street. A pedestrian is seen taking a quick turn at a traffic intersection between two lanes. Upon arriving at the first lane, the pedestrian appears to be checking the surroundings for safety, bending slightly to the right. The sky is overcast, suggesting early morning or late afternoon. The pedestrian, dressed in dark clothing, makes swift movement through the intersection. Another vehicle is visible ahead, waiting at the same crosswalk. The video frame is dated 2019/04/13 at 13:27:22, displaying a consistent timestamp across the frames for consistency."
  },
  "./VRU_videos/DoTA/VRU_63.mp4": {
    "pred": "The video depicts a traffic crash on an urban road, captured with a dashcam perspective from inside a vehicle. The image captures a yellow school bus driving in the median of the road, which merges into the right lane. A pedestrian in an orange top falls to the ground on the roadside adjacent to the bus, showing the initial impact of the collision. The bus's presence, speed, and direction indicate that the right lane is now clear. The pedestrian’s fall suggests that the speed was too fast, leading to a crash. The environment is urban with parked cars, trees, a residential or office building, and a \"40\" speed limit sign visible. The traffic light is red, and a speed camera is attached to the bus's side. The video is timestamped and marked 'CarCrashesTime'."
  },
  "./VRU_videos/DoTA/VRU_64.mp4": {
    "pred": "The video begins with a timestamp of 11:04:04, capturing a busy street viewed from inside a moving vehicle. The scene is dominated by a clear blue sky and lush green trees lining the road, typical of an urban setting during the daytime. The vehicle's dashboard at the bottom hints at a traffic camera, indicating this is a recorded video likely for educational or demonstration purposes in a video platform, as denoted by the 'YOUTUBE CHANNEL' watermark.\n\nThe video progresses to show vehicles including commercial vans and private cars navigating a bustling road. Pedestrians are occasionally seen crossing the street, their movements suggesting a typical urban environment with a shared sidewalk. A white van is seen in motion, moving down the road from left to right before an unexpected collision occurs.\n\nThe collision is the focal point of the video. The white van, stationary once at the scene, begins to sway sideways under the influence of speed, indicating abrupt lateral movement on its wheels or chassis. It loses"
  },
  "./VRU_videos/DoTA/VRU_65.mp4": {
    "pred": "The scene unfolds on an urban road under overcast conditions. The timestamp indicates May 21, 2017, at 08:56:07 and shows the vehicle with the dash camera's camera has entered the frame. A red truck with rear-view mirrors is seen in the left-hand lane and moves through the intersection. As the camera captures the scene, a pedestrian dressed in bright green is running along the road's center, moving parallel to the speed limiting of 18+ km/h. Suddenly, a red bus overtakes the truck, causing the pedestrian to lose balance and fall on the ground. The pedestrian is wearing a pink jacket and brown pants, and has blond hair. Despite the fall, the video then shows an abrupt stop as the truck slows down, and the bus momentarily comes to a stop as well. The focus then shifts to the now calm roadway and traffic, indicating a sudden stop due to the pedestrian's fall."
  },
  "./VRU_videos/DoTA/VRU_66.mp4": {
    "pred": "Overcast weather conditions prevail during the video, causing wet road surfaces and diffused lighting. The scene starts with a blurred perspective from a vehicle's dashboard, focusing on a street scene. At street corner, a beige van with yellow text on the roof is initially positioned, its body damage evident. Pedestrians are observed in motion, some running towards the camera, others looking towards the van. A male figure wearing a light-colored jacket approaches the van's door, appearing to assist or help retrieve an object from the open rear compartment. The pavement is wet from recent rain, reflecting the overcast sky. The scene progresses, capturing the continuation of the scene with the van's rear doors open, pedestrians moving in different directions, and the van now partially collapsed on its side. The final frame shows a man in dark clothing with a red shirt moving confidently towards the center of the frame. The van's front is still the central focus with its bumper visibly damaged, indicating further impact from the crumple"
  },
  "./VRU_videos/DoTA/VRU_67.mp4": {
    "pred": "In the nighttime scene captured by a camera at 2015/12/23 at 20:08:47, the vehicle and pedestrian involved in a pedestrian accident create an intense traffic scenario. The camera is positioned from a slightly elevated perspective, showing the intersection from the driver's viewpoint. The scene is urban, under an evening sky illuminated by street lights and the glow from building facades. At the light of a clear transition signal, the light changes to green as the pedestrian attempts to cross the street with urgency.\n\nInitial to subsequent frames, the pedestrian, wearing a dark shirt and pants, begins their effort to navigate the crosswalk by walking briskly across the crosswalk. Their posture is indicative of hurried movement and cautiousness. As time ticks closer to the signal indication turning green in the initial frame, the pedestrian appears to make progress. \n\nHowever, on the final frame, the pedestrian's journey culminates in a chaotic collision. The scene quickly changes"
  },
  "./VRU_videos/DoTA/VRU_68.mp4": {
    "pred": "The video depicts a crash on a city road at dusk, featuring vehicles in various states of motion, with some vehicles slowing down or stopping. The sky is lit with soft orange and blue hues, indicating early morning or late evening light conditions. A timestamp indicating the timestamp as 18:20 was visible, likely the moment the video was recorded. The footage is from inside a vehicle, judging by the view of the dashboard and a front windshield screen as seen from the driver's perspective. The camera captures buildings, including a notable one with classical architecture, and a traditional lamppost extending along the road.\n\nThe first frame shows a parked yellow truck with the words 'weiber velen' visible on its back, stopped ahead of traffic. A white car passes by as a pedestrian in a black jacket exits or enters the frame, walking across the crosswalk. The road is lined with additional vehicles, including a white van and various cars, all stopped or moving slowly. A black dog is"
  },
  "./VRU_videos/DoTA/VRU_69.mp4": {
    "pred": "The video seems to show first-person footage of a car's dashboard and windshield from a stationary position. The date, location, and recording timestamp suggest this is a static traffic scenario. As the video progresses, two individuals appear to be moving, with one wearing a red jacket and dark pants, and the other in orange shirt and dark pants. They are seen walking on a seemingly deserted road, surrounded by greenery and foliage. Eventually, the blue car seems to hit the individuals. There is no visible damage, suggesting that both vehicles were moving. The environment is a rural setting with buildings and utility poles visible. There are vehicles parked alongside the road, and overall the behavior of pedestrians seems not to cause any immediate accident."
  },
  "./VRU_videos/DoTA/VRU_70.mp4": {
    "pred": "The video captures a traffic jam on a city street, presented from the perspective of a moving vehicle. The traffic consists of various vehicles, including a silver station wagon, a silver sedan, and a white minivan. The cars are seen maneuvering through the slow-moving traffic line, with one silver station wagon leading the flow. The street is lined with trees and tall buildings. The light indicates a calm but possibly late morning time due to bright and clear weather. A pedestrian dressed in dark clothing can be observed walking on the sidewalk in the frame. At a slightly different angle, an SUV suddenly approaches from behind, but the pedestrian is already out of sight."
  },
  "./VRU_videos/DoTA/VRU_71.mp4": {
    "pred": "The video captures a traffic accident scene within an automobile perspective, filmed in daylight with overcast conditions. A white car, license plate A 793 VFO, is centered in the scene. As the car enters the intersection, a pedestrian in a jacket appears from behind, standing next to a stopped white car in the right lane. The pedestrian moves, stepping onto the road and stepping off a parked white car with the door open, which subsequently tilts to one side. The scene is set on a multi-lane street lined with trees, buildings, and various commercial signs. The video's timestamp and camera quality indicate this might be part of training or a demonstration video."
  },
  "./VRU_videos/DoTA/VRU_72.mp4": {
    "pred": "The clip displays a video recorded from a vehicle showing a white delivery van in a typical urban environment. The street is bustling with traffic, featuring a double-decker bus numbered \"33\" and other cars and pedestrians in mid-street activity. On the pedestrian side of the street, a pedestrian wearing a bright orange jacket is near the crosswalk, seemingly crossing. The surrounding buildings have a typical European architecture with balconies.\n\nThe light seems strong, indicating it could be late morning or early afternoon, casting short shadows on the street. The weather is clear, with no precipitation, likely suggesting good traffic conditions.\n\nInitially, the white delivery van is in contact with the white bus, which then hits the van, leading to the collision. The collision is sudden, with the white delivery van momentarily turning sideways due to the sudden turn the bus makes from left to right. The motion perspective of the recording aligns with what could be observed, capturing the dynamic movement of the vehicle before the impact. The pedestrian"
  },
  "./VRU_videos/DoTA/VRU_73.mp4": {
    "pred": "The video captures a car crash on a sunny, clear day with a blue sky. The scene is set on a multi-lane road, likely in an urban or suburban area, with concrete sidewalks and a grassy median. The video is timestamped displaying the event as \"CAR CRASHES TIME\" at 10:55:21 hours on 20/06/2017, and includes recording details from 18+ and a timestamp showing the recording began at 10:55:18.\n\nInitially, we see a white car moving to the right lane, as an observer’s POV from the rear of the vehicle. The environment includes buildings on the left, an overcast sun casting shadows, and a tall gray metal railing on the right. As the scene progresses, a silver hatchback pulls over left to get into the collision zone, passing vehicles, signaling increased activity around the crash zone. The vehicle crashes into the side of the"
  },
  "./VRU_videos/DoTA/VRU_74.mp4": {
    "pred": "The video depicts a road scene at an intersection during daylight with significant weather considerations. The road is relatively wide, with a clear sign indicating a pedestrian crossing (pedestrația) separated by a dashed line, and it is slightly curved with traffic lanes. The pedestrian crossing itself is delineated by white zebra stripes on a crosswalk. Trees on both sides of the road are in autumn colors, indicating a fall season.\n\nThe timestamp on the recording starts at 10:45:40 and progresses through 10:45:42 as seen from within a vehicle, moving forward slowly on the road. The vehicle is positioned in the right lane, traveling in the same direction as a silver delivery truck that crashes into the vehicle. \n\nThe initial scene includes a person pushing a stroller on the right edge of the road, positioned near the crosswalk. This pedestrian is seen reacting to the approaching vehicle. Upon the impact, the vehicle has stopped abruptly, creating a"
  },
  "./VRU_videos/DoTA/VRU_75.mp4": {
    "pred": "The video, captured from the perspective of a dashcam within a vehicle, displays nighttime urban settings with illuminated buildings lining either side of a road where a collision likely occurred. There are multiple vehicles on the road, their headlights and tail lights visible against the dark backdrop, indicating ongoing activity.\n\nThe timestamp on the video shows a date and time of '2016-10-16 20:19:23'. Although specific weather details might be difficult to ascertain from the video alone, the illumination from streetlights suggests the possibility of evening or night conditions.\n\nThroughout the video, no pedestrians are directly involved in the crash. The focus is directed towards the vehicle's motion relative to the pedestrians. The video captures a progression over time: as the vehicle moves forward, it approaches an object, possibly a pedestrian, as seen by the pedestrian's movement and position changing along the frame.\n\nAt a particular point near the beginning of the clip, the camera briefly shows another pedestrian near the"
  },
  "./VRU_videos/DoTA/VRU_76.mp4": {
    "pred": "The video recording a vehicular collision happens in an urban environment during daylight hours, under a clear sky. The speed of vehicles seems stable, as we initially observe a stationary vehicle approaching a potential intersection in slow motion. Upon approaching, a light traffic congestion on the street is evident, as seen by several vehicles in various lanes, some stopped or moving slowly.\n\nInitially, a yellow car is seen ahead leading the lane. However, mid-way of a crosswalk, a pedestrian in shorts and a t-shirt approaches from the left side, causing a severe impact with the halted vehicle. Shortly after, a white car in front attempts to reverse to pass by the pedestrian, but the collision results in the white car crashing, while the pedestrian is thrown back into the crosswalk. \n\nThe crosswalk where the collision occurs features a yellow warning stripe and the road markings indicate it is a dual-lane intersection. Surrounding pedestrian paths and bike lanes are also visible. As the collision occurs, the timestamp remains unchanged at"
  },
  "./VRU_videos/DoTA/VRU_77.mp4": {
    "pred": "The video captures a traffic scene on an overcast day, beginning with a frontal collision at a bustling intersection. A grey sedan and a smaller vehicle are involved in the incident; the car swerves dramatically, causing the smaller vehicle to tip over and fall to its side. The grey sedan bears visible damage to its front bumper and hood, and the traffic light shows green, suggesting a default stop signal that was inadvertently manipulated by the collision. The windshield wipers of the stationary vehicle appear to be working to clear the dust from the road. The surrounding environment reveals a road lined with trees and apartment buildings, indicating an urban setting. Weather conditions are mild, with wet pavement that reflects the artificial lighting of city buildings. The scene captures the aftermath of a sudden, unplanned maneuver by the grey sedan, shifting from a normal traffic flow to one marked by unexpected collisions."
  },
  "./VRU_videos/DoTA/VRU_78.mp4": {
    "pred": "The video depicts a stationary, overcast urban scene captured from the perspective of a vehicle's passenger. It is 7:47 p.m. as shown by the timestamp on the screen, with February 11th, 2019, in China. The footage captures an urban road with tall buildings, possibly residential or commercial, lining one side of the street. The road is wet, suggesting recent or ongoing rain or recent spray. There is a mix of both car and pedestrian traffic; a cyclist is crossing in the middle, and a pedestrian walks across the street from the right. The atmosphere is hazy, likely due to fog or pollution. The traffic is light, with a mix of vehicles including a cyclist. The colors are muted due to the cloudy conditions. No significant crash is immediately evident as there are no visible signs of severe impact. The primary focus appears to be maintaining traffic flow."
  },
  "./VRU_videos/DoTA/VRU_79.mp4": {
    "pred": "The video captures a street scene with clear weather and moderate visibility. It features an older, multi-story building on the left with large windows and shops below. A taller, pinkish-yellow building stands prominently on the right, providing a contrast to the surrounding architecture. Street-level vehicles, including a dark-colored SUV and an older sedan, are seen moving on the road.\n\nPedestrians, some dressed in dark clothing, cautiously cross the intersection, indicating the potential for a collision. The speed fluctuates slightly as vehicles approach. The traffic lines in the road indicate different lanes, and at certain points, vehicles are observed slowing down slightly.\n\nPedestrians are seen moving through the scene, and one can observe the cautious movement as vehicles progress. The street level shows some snow cleared from the road, reflecting the wintertime atmosphere. Overall, the video paints a picture of a street in daylight hours with varying vehicle speeds and pedestrians navigating through the scene."
  },
  "./VRU_videos/DoTA/VRU_80.mp4": {
    "pred": "The video begins with a view from a vehicle on a multi-lane road, starting with a white SUV and two other cars slightly ahead as the road appears damp, indicating recent rain. Two pedestrians, one wearing dark clothing, are seen from behind crossing the intersection but appear to be moving out of view of the camera's angle. As vehicles move forward, a white pickup truck collides with a semi-truck. The truck skids to one side as vehicles stop. A single silver car and additional vehicles follow the impact. The scene takes place on a two-lane road surrounded by greenery and trees with an overcast sky, with no traffic lights or visible construction work in the immediate area."
  },
  "./VRU_videos/DoTA/VRU_81.mp4": {
    "pred": "The video captures a sequence of events on a bustling city street, viewed from inside a vehicle, possibly during traffic congestion. The sky is overcast, suggesting it is either early in the day or late in the evening. Residential apartment buildings line either side of the road, and streetlights cast a yellow glow, indicating it's either dawn or dusk. The scene features multiple vehicles in a congested traffic flow, with a large truck ahead, indicating a typical urban transport atmosphere.\n\nA pedestrian abruptly runs across the frame from left to right, suggesting a hurried or critical moment, possibly due to vehicular movement or a severe traffic hazard. The pedestrian's clothing and posture imply they're actively reacting to the traffic, making a swift movement.\n\nAs the video progresses, the focus returns to the traffic, with the large truck still in view. The camera seems to move forward for a brief period, providing clearer views of the street and surrounding area. The windshield of the filming vehicle is visibly cracked, possibly from a"
  },
  "./VRU_videos/DoTA/VRU_82.mp4": {
    "pred": "The video captures a street scene on August 20, 2016, featuring a timestamp of 18:21:16 and the location identified as \"Abe V30.\" The footage is marked as high-speed, with a timestamp reading \"2016/08/14 18:21:31.\" The scene opens with a view from a moving vehicle positioned slightly to the left side of the road, capturing multiple cars and pedestrians on the right side. Buildings of various heights line the street, and leafy trees create a lush atmosphere. \n\nAs the vehicle moves forward, the timestamp changes to 18:21:26, showing an increasing speed due to the pedestrian's movement, suggesting a collision ahead. The impact is abrupt, indicated by the pedestrian's mid-stride and body mid-air, showcasing a motion blur. Post-collision, the video transitions to a stationary view of the road, emphasizing a"
  },
  "./VRU_videos/DoTA/VRU_83.mp4": {
    "pred": "The video captures a street scene during what appears to be early evening, as inferred from the soft light. Traffic is moderate, with cars navigating around a white SUV and white sedan at a junction. The road is relatively clear, with a pedestrian wearing a hat crossing the street. No significant events are unfolding, but the presence of the pedestrian adds a realistic element to the video. The vehicle closest to the camera is a white SUV, while another car is partially visible behind it. The weather is calm, with no visible signs of fog or heavy rain, enhancing the visibility of the buildings and street signs. The shadows cast by the buildings indicate the sun is low on the horizon. There are no immediate indications of traffic accidents or severe crashes, but the presence of human activity and the typical urban setting suggest a moment of normal daily life disruption."
  },
  "./VRU_videos/DoTA/VRU_84.mp4": {
    "pred": "The video depicts a nighttime road scene in what appears to be an urban or semi-urban environment. It begins with a van approaching from behind, stopped on a two-lane road, indicating a possible stop or halt. The traffic signal to its right suggests that vehicles should continue moving in the opposite direction. The scene is dimly lit, with the road reflecting some ambient light and the sky a deep blue, suggesting either early morning or late evening.\n\nAs the van approaches, the front driver's light ahead is on, revealing more about the interior of the vehicle, including a rearview camera indicator. A white car overtakes the van on the left before the van starts to move forward towards the left lane.\n\nShortly afterwards, a pedestrian starts running across the street from the right. The pedestrian is in the middle of the road, visible with less visibility and possibly suggesting a sudden or uncontrolled movement. The surroundings consist of residential buildings with signage indicative of a small-town setting, with one building displaying \""
  },
  "./VRU_videos/DoTA/VRU_85.mp4": {
    "pred": "The video provides a first-person perspective from inside a vehicle traveling along a rural sidewalk lined with leafless trees. The road stretches into the distance, surrounded by an overcast ambiance, creating a damp, foggy atmosphere. The lane markers are clear, guiding the viewer's path. The traffic appears calm, with an SUV in front and a blue motorcycle trailing behind. As the video progresses, the SUV maneuvers closer to the white motorcycle. A pedestrian, walking up the sidewalk on the left side of the road, becomes a prominent point of interest as they cross towards the camera's vehicle. In the final frame, the motorcycle makes contact with a pedestrian, resulting in a small, bright burst of white smoke indicating the collision. The driver of the motorcycle turns and starts to move away from the scene, possibly indicating that they are assessing the situation before proceeding."
  },
  "./VRU_videos/DoTA/VRU_86.mp4": {
    "pred": "The video captures a car accident on a multi-lane road under clear, sunny weather conditions. The road is flanked by sidewalks on either side, and the surrounding area is dotted with trees and hilly terrain, indicating a suburban environment. The camera perspective suggests the video is taken from the viewpoint of the driver of the car involved in the crash, providing an onboard view of the speed and trajectory of the vehicle.\n\nAt the outset, the car is at a slightly elevated position on the right side of the road, traveling at 47 km/h. It approaches a road mark with its brake lights illuminated, signaling impending action. The car ahead has a white license plate, marked F07E-635.\n\nAs the video progresses, the car starts to tilt, and its front right side aligns more sharply with the ground, indicating a collision. The car's speed decreases to 8 km/h (0.35 m/s) as it impacts the guardrail, showcasing the"
  },
  "./VRU_videos/DoTA/VRU_87.mp4": {
    "pred": "The video captures a night scene of a city intersection as a vehicle attempts to maneuver through a busy street. The timestamp indicates a recorded event on March 5, 2016, at 21:20. The footage is from a dashcam, providing a first-person perspective of the nighttime traffic. The street is illuminated by streetlights, leading to a commercial area with brightly lit buildings, and several vehicles are present, including a white car closer to the foreground. Pedestrians are visible, and there is no vehicular collision as the vehicle in the foreground appears to be stopped or slowing down.\n\nPedestrian activity is present, with one individual walking on the sidewalk, wearing dark clothing, and another standing near a red vehicle. The pedestrian seems to be unharmed and is not visible during the collision. The vehicles are traveling cautiously, following road markings and showing cautious movements as they navigate the complex cityscape.\n\nThe street is partially covered with snow, suggesting recent snowfall"
  },
  "./VRU_videos/DoTA/VRU_88.mp4": {
    "pred": "The video captures a traffic crash on a concrete road, likely within a city surrounding residential areas. The scene is captured from the perspective of a vehicle's dashboard camera, positioned slightly upward.\n\nAt the beginning of the video, a vehicle collides with an oncoming yellow taxi and a silver hatchback. The impact causes the car crashes into the curb, with the front bumper visibly impacting the pavement.\n\nFollowing the initial collision, another vehicle drives aggressively, causing it to cross the central dashed lane to avoid the incident. Upon crossing, the driver looks back to observe the other collision site before maneuvering back into traffic.\n\nAs the video progresses, a pedestrian, wearing a brown jacket, pants, and black shoes, runs to assist the involved vehicles. They converge upon the scene, with one person assisting the other to safely move the cars to safety.\n\nThe final scenes depict an ongoing conversation between the two pedestrians and a driver who has been struck by the vehicles. They approach a metallic green van, with one person"
  },
  "./VRU_videos/DoTA/VRU_89.mp4": {
    "pred": "The video captures an urban street scene during the early hours. It appears to be cloudy with overcast skies on the roads. The car we're observing, a black Chevrolet Camaro SS (with a \"SS\" badge), is moving at a moderate speed, as indicated by the camera's focus in a forward-facing camera setup. The car has only been in motion for a short time, and it's approaching an oncoming black Ford Edge. The truck is a white Volvo, positioned parked on the right side of the street, likely attempting to exit the frame. At the rear of the car, a pedestrian is visible, struggling to regain balance as the vehicle moves forward. Despite the potential for imminent collision, the pedestrian appears stationary and is not seen in motion throughout the sequence."
  },
  "./VRU_videos/DoTA/VRU_90.mp4": {
    "pred": "The video captures a traffic accident scene on a relatively busy urban road during daytime. It’s a clear day with a partly cloudy sky, and the road has visible vehicle markings and signs. The focus is on a grey SUV on an urban roadway, likely an intersection, where the car is engaged in a collision with another vehicle. There is a blue pedestrian crossing sign visible in one frame.\n\nTwo pedestrians are present; a person carrying a stroller is crossing the road while seemingly unaware of the impending crash, while a taller individual in casual clothing is running toward the SUV to assist in the collision or to warn the drivers of its imminent danger. Their postures are cautious but show no immediate panic. In the background, other vehicles are present, displaying typical urban traffic congestion.\n\nThe trajectory of the scene shows the grey SUV swerving onto the side of the road, indicated by its position on a flat area, and then impacts the vehicle with the person wearing a stroller, causing both to tumble, resulting in"
  },
  "./VRU_videos/DoTA/VRU_91.mp4": {
    "pred": "The video captures the aftermath of a minor traffic collision at an hour and a half, dated 25 December 2019, at 16:42. Initially, we see a wide-angle view of an urban street covered in snow, with a large truck on the left, its windshield partially obscured due to a broken windshield. The street, lined with trees, features a double-decker building and a white sedan with a driver in dark clothing.\n\nNext, the driver of the vehicle moves to avoid a collision, but the image is disrupted by a large, billowing snow plume, indicating debris from an ongoing snow event. The vehicle maneuvers to avoid the debris and the driver then turns to the side to avoid a pedestrian falling onto the wet road. A person in dark clothing, likely a pedestrian, appears from the frame in front of the camera, appearing to move abruptly.\n\nAs the pedestrian approaches closer to the camera, their sudden movements seem frantic, suggesting panic or a moment"
  },
  "./VRU_videos/DoTA/VRU_92.mp4": {
    "pred": "The video showcases an intersection that appeared calm with moderate traffic, centered during what seems to be either early morning or late afternoon. As the traffic lights begin to change, a pedestrian emerges in the middle, crossing from left to right. An ambulance is visible ahead of the pedestrian. The pedestrian makes a sharp turn as they pass the traffic, indicating a sudden halt. The vehicle they hit then comes to a halt, showcasing the impact, with the camera capturing the resulting moment. The road is wet, likely indicating recent rain, and the sun is low on the horizon, casting long shadows and warming the scene. The video carries a timestamp and text providing technical overlay. The overall dynamic suggests a sudden crash of the ambulance, caught in a dash moment captured by an onboard camera."
  },
  "./VRU_videos/DoTA/VRU_93.mp4": {
    "pred": "The video depicts a street traffic incident featuring a car colliding with a tractor. It captures a gloomy day, with overcast skies and a mix of tire tracks and footprints on the wet road surface. The focus is on a blue Chevrolet car at the head of the traffic jam, its dark-colored vehicle appearing to have taken a sharp turn and veered to lose lane. Meanwhile, a tractor carrying a heavy load looms forward, its wheels visibly touching the snowy road. As the blue car collides into the tractor, the driver appears to signal for help by lowering the hood onto the steering column. As the vehicle moves closer, a pedestrian, dressed in heavy winter clothing, reacts with concern, adjusting their hat and body. The scene captures the struggle between the car and the tractor, followed by an impactful moment where the blue Chevrolet comes to a complete halt."
  },
  "./VRU_videos/DoTA/VRU_94.mp4": {
    "pred": "The video sequence showcases a driving scene through a typical urban setting, filmed from the perspective of a front-facing vehicle in a Toyota Sienna. The scene begins with a view of a rural road, featuring barren trees lining each side and utility poles intermittently along the street's right-hand side. Notably, a fuel station stands central, bearing a red and white sign with white vehicles parked alongside.\n\nAs the vehicle progresses, the initial frame depicts a pedestrian crossing the street, indicating a potential collision scenario. With visible speed readings, the scene is under clear daytime lighting with minimal shadow cast, enhancing clarity.\n\nThe pedestrian, possibly male wearing a shirt and dark pants, appears in three consecutive moments, at varying positions across the crosswalk, suggesting repeated movement. However, his direction shifts dramatically—first straight across, then pivoting laterally toward the camera, and ultimately towards the right, away from it—a reflection of erratic pedestrian behavior in adverse traffic conditions.\n\nAs the video progresses, the vehicle maintains steady speed"
  },
  "./VRU_videos/DoTA/VRU_95.mp4": {
    "pred": "The video captures a winter scene on a snow-covered street, marked by an orderly line of parked vehicles and a large multi-story building in the background. It's overcast, and the sky is a muted gray, indicating cold weather conditions. The road is clear of snow, while the sidewalks are partially covered, suggesting recent snowfall.\n\nInitially, a pedestrian in a blue coat is seen crossing the street from right to left, moving with purposeful strides. Shortly after, an SUV, heavily coated in snow, enters from the right lane and approaches from the left corner. It is a dark blue sedan following closely behind, its tires skidding on the snow as it navigates the treacherous crossing. Another vehicle, a dark-colored hatchback, is parked on the right side of the street with its rear facing the camera. As the SUV makes contact with the hatchback, there appears to be a significant impact, given the position of the hatchback and the way it tilts precariously"
  },
  "./VRU_videos/DoTA/VRU_96.mp4": {
    "pred": "The video captures a nightfall event at an urban intersection. The scene begins with the car in the foreground stopped at a red traffic light. The scene is illuminated by streetlights and vehicle headlights, casting a harsh glare. In motion, a pedestrian is seen stepping forward from the right side of the frame, heading towards the stopped car. As the video progresses, the pedestrian moves past the car and approaches the stop line, extending into the adjacent lane. The pedestrian then crosses the intersection while the vehicles continue their journey at high speed. The video ends with the car still at a stop under the red light, indicating a potential collision."
  },
  "./VRU_videos/DoTA/VRU_97.mp4": {
    "pred": "The video clip presents a view from a dashcam inside a vehicle as it drives through a rainy, overcast day. The windshield lens shows raindrops glistening and reflections of the surroundings. The timestamps indicate the video footage captures moments near the intersection, marked by traffic lights showing green as the light changes and a pedestrian crossing the street. Initially, a truck carrying various goods moves slightly in the right lane while navigating through the intersection without collision. \n\nAs the vehicle continues, a pedestrian crosses from the right side of the lane to the opposite (left) lane. The truck, despite crossing, continues moving without issue to the right. The dashcam captures the dynamic motion as the vehicle moves forward with the pedestrian stepping out onto the opposite lane. The video ends with the vehicle still in the crossing zone and the pedestrian crossing from the right lane onto the vehicle lane. There is no significant scene change in the road layout or other details, maintaining the overcast weather conditions."
  },
  "./VRU_videos/DoTA/VRU_98.mp4": {
    "pred": "The video starts with a nighttime scene on a snow-covered road, viewed from a vehicle in urban surroundings. Two cars in motion, potentially the observer's car, are observed. As they approach an intersection, thick snow covers the area, suggesting recent snowfall or ongoing winter conditions. The sky is dark, indicating it is late evening or night. Traffic signs and streetlights are lit. A pedestrian suddenly crosses the intersection while the cars turn on the signal, moving closer to the other side of the intersection, where more snow has accumulated, possibly from a recent snowstorm.\n\nAs the vehicles approach the intersection and eventually halt, the pedestrian begins to walk briskly across the snowy pavement. The initial motion of pedestrians is slow, and as the vehicle in front starts ahead more, the pedestrian swiftly re-enters the roadway, marking a shift in their behavior and movement speed. The vehicles' headlights brighten as they come to a stop and the pedestrian approaches the observer's vehicle, highlighting a collision approaching."
  },
  "./VRU_videos/DoTA/VRU_99.mp4": {
    "pred": "The video captures a city traffic scene during what appears to be a chaotic stop at an intersection. The footage is overlaid with a timestamp, a watermark indicating it's from a \"CAR CRASHES TIME\" video, and a graphic overlay indicating \"18+\". Traffic includes a mix of cars, a minivan, and a bus, all navigating through the intersection under a grey, cloud-filled sky. A notable detail is a white van and a row of small shops on the left, alongside pedestrian activity along the sidewalk.\n\nA pedestrian is seen wearing a dark coat and light-colored pants, crossing the intersection, seemingly in an attempt to walk through the crosswalk. Despite this, a motorcycle in proximity appears to make a rightward movement, potentially swerving, which coincides with a possible collision that is not captured.\n\nNotably, a vehicle loses control mid-movement, veering from its designated lane onto the street and almost colliding with the motorcycle in front of it. The impact involves"
  },
  "./VRU_videos/DoTA/VRU_100.mp4": {
    "pred": "The video depicts a street intersection in an urban setting, likely during daylight hours given the clear weather conditions. The scene begins with a red motor vehicle in the left lane moving towards the camera, followed by a blue vintage car in the right lane which appears to have been involved in an apparent accident or debris from the collision. The blue car has stopped, leaving the red vehicle and a pedestrian in front of it waiting.\n\nAs the video progresses, the blue vintage car moves to the left lane, suggesting it may be preparing to cross the intersection. The pedestrian turns slightly, heading towards the blue car, and begins to move away from the vehicle, indicating they might be in a state of disorientation or distracted by the sudden movement.\n\nAs the blue vintage car attempts to move to the right lane, it stops near the curb, suggesting it may also be involved in the earlier crash. The pedestrian has left near the stopped car, indicating they are taking the pedestrian lane. A few new pedestrians and the white car"
  }
}