{
  "./VRU_videos/DoTA/VRU_1.mp4": {
    "pred": "The vehicle, recorded from the inside and outside its windshield, is driving on a gray paved road surrounded by tall trees and several high-voltage power lines in the distance. The time on the dashboard is 07:17:56. As the vehicle slows down, a person stands on a gray paved path in the right side, carrying a red and yellow box. The vehicle moves slightly backward and hits the person carrying the box, causing a yellow plastic bag to fall off the box. The person is wearing a cap, dark clothing, and blue pants. The vehicle's speed decreases to 28.3 KM/H as it remains stationary after the collision. The time on the dashboard reads  07:18:6. The gray paved road's direction slightly turns toward the right toward the back and end of a gray paved path."
  },
  "./VRU_videos/DoTA/VRU_2.mp4": {
    "pred": "A black car is stopped on the the road, then suddenly moves forward and hits another person in a red jacket who is crossing the road trying to get to the other side... People on the street are moving both towards and away from the main scene."
  },
  "./VRU_videos/DoTA/VRU_3.mp4": {
    "pred": "A pedestrian walked on the roadside, and a gray car collides with him. Some cars pass through the pedestrian lane. In the background, there are some cars that pass by, traffic lights, sky, buildings and a big pole with a road sign."
  },
  "./VRU_videos/DoTA/VRU_4.mp4": {
    "pred": "A women wearing a white-black t-shirt is bicycling from left to right. She hit a tree with the bicycle while coming from left side and falls down from the bicycle. Another women wearing black top and jeans is walking towards the bicycle from left side as she notices the collision, she came from the right side and she stopped and came forward towards the fallen woman and lifts her bike again as she walks forward. A white vehicle is passing by the left side as it starts to slow down, as the vehicle keeps slowing down on the zebra crossings while keeping the bicycle straight. The car drives past and drives in the straight forward direction. The third woman who wearing brown top and jeans is cycling from the center towards the left lane of the car. The fourth woman appears from her side and walking in the opposite direction of the bicycle and collides with the bicycle. After that, the woman falls on her backside. A group of motorcycles are passing by from front to back as they try to get away"
  },
  "./VRU_videos/DoTA/VRU_5.mp4": {
    "pred": "A bike is riding with strong headlights on the expressway. A red car is moving in the forward direction on the left side of the road. A vehicle is moving in the forward direction and hits the bike and falls on the left side of the road, then the car turns left and continues moving. In the background, there is a metal guard rail, and a sky that are visible. The sound of a car is audible in the background."
  },
  "./VRU_videos/DoTA/VRU_6.mp4": {
    "pred": "The night-vision video footage reveals an automobile with its dashboard lights turned on, driving on a two-lane road surrounded by steep hills. Three cars are visible in the same journey with the closest car on the left side, another to the left side of the road, and one car on the right side. A person dressed in black riding on the back is moving to the right side of the road. The road has road lamps. The car closest to the viewer has its front lights and red brake lights turned off, with its rear lights visible. The people on the back side are moving their bodies, indicating they may be tired or sick. Another person is seen walking on the road in front of the viewer. The surrounding area is dark with a night sky, a red light in the background on the right side, and green road signs below. The road is wet, with reflections of the surrounding lights on the road surface. The person on the road in front of the viewer starts to fall off"
  },
  "./VRU_videos/DoTA/VRU_7.mp4": {
    "pred": "The vehicle covered in a car dashboard camera shows a green and white sign with Chinese characters in the top left corner. The man, wearing a black hoodie and white pants, runs to the left of the road and starts walking from the roadside towards the vehicle. Several vehicles, including a truck and cars, are on the road behind the vehicle. The truck is driving towards the camera with its rear on the right side. The road is illuminated by yellow streetlights and has green trees lining both sides. There is a sidewalk beside the road on the right, with a red banner attached to a tall light pole. The man stops near the right side of the road and starts crossing the road from left to right with the vehicle. The speed of vehicle is moderate, and the pedestrians make crossing from left to right with no pedestrian crossing the road."
  },
  "./VRU_videos/DoTA/VRU_8.mp4": {
    "pred": "A car with a brown color is driving parallel to the another car and then collides with the black car on the right side. A grey car with a black interior and a white car are also passing by, on the left, the grey car is turned right. Another car moves from right to left behind the grey car.   A pedestrian on the left side wearing a dark green coat suddenly turns around and moves to his left side. He then falls on the road surface facing the right side.   Another pedestrian who is walking on the right side starts moving to his left and then stops while suddenly falls on the road surface.   Pedestrians start walking in different directions and then the white vehicle starts passing.   In the background, there are multi-storey buildings, vehicles, a road, a grey surface covering the road, traffic signs, trees, bushes, a pole with a sky-blue tarpaulin, a sign indicating road junction, and poles with wires. The weather in the video"
  },
  "./VRU_videos/DoTA/VRU_9.mp4": {
    "pred": "The video captures a moment of a collision during nighttime, where the rear-view perspective depicts a car in front of the camera which leads to a crash. A beige color car with black markings and green lettering on the back reads \"Irobot\" and displays contact information with the website \"irobot.ru\" is visible, along with a license plate that reads \"с  738 tt 22\". The car's brake lights are on. A pedestrian walking on the sidewalk to the left, in winter attire, including a black outfit, is approaching the white car with a black roof. The white car is overtaking the beige car, moving in the same direction. Behind the beige car, a black car with a damaged front bumper is visible, which appears to have collided with the white vehicle's rear. The black car moves away after the crash, followed by the beige car, while the pedestrian moves away from the scene. The sky is overcast, and the road is dry and"
  },
  "./VRU_videos/DoTA/VRU_10.mp4": {
    "pred": "A white car collides with a light green car, causing it to crash on the white pedestrian crossing. A grey traffic cop runs towards the white car then turns and runs across the black-white pedestrian crossing, while yellow cars pass by in the opposite direction. In the background, there are buildings, traffic lights, cars, and electric cables. The weather is cloudy."
  },
  "./VRU_videos/DoTA/VRU_11.mp4": {
    "pred": "The video was recorded in daylight by a vehicle whose dashboard camera was recording. The vehicle is moving forward on a highway at night. The vehicle is surrounded by darkness and no other vehicles are visible, with the only other sources of light being street lights. A person wearing light clothing approaches from the left and runs away when the vehicle is about to collide with him. They run when the vehicle is already colliding with him."
  },
  "./VRU_videos/DoTA/VRU_12.mp4": {
    "pred": "The video shows an overhead view of a city road and a group of pedestrians crossing. There is a white car moving across the road in front of a group of pedestrians. The group of pedestrians is walking parallel to the roadway and some of them are crossing while some others are waiting. The speed limit is limited to   below  122 km per-hour. There are yellow traffic signals that are down ahead, and red signals that are up at the ends of the photo. The weather condition is cloudy and the ground is wet. There are multiple vehicles on either side of the road. Some of the pedestrians are wearing blue jackets or shirts. In the background, there are multiple buildings."
  },
  "./VRU_videos/DoTA/VRU_13.mp4": {
    "pred": "On a cloudy day, near an industrial area, a black car and a green van are parked, with two white vans further left. A man wearing a black hoodie and pants approaches the parked cars. A traffic light in front of the black car turns red. Soon after, the black car speeds forward. Both cars lose contact and collide. The man wearing a black hoodie is on the left side after the collision, running. The camera wearer looks in the direction of the collision."
  },
  "./VRU_videos/DoTA/VRU_14.mp4": {
    "pred": "A pink trolley van stopped on the road in front of a person who begins to cross the road when a vehicle approaches. The vehicle then collides with the van in front, causing the van to bump downwards on the curb and flip over when it collides with the curb. A person wearing a beige coat and black pants walks across the the road on the crosswalk. A second vehicle is seen passing in front from the right side. The driver of The vehicle drives past the van, when they collide. A white van drives past the first person, and stops. A few vehicles are seen passing by the curb while a bus and the first person are seen moving away and then the first person and the van stops by a truck"
  },
  "./VRU_videos/DoTA/VRU_15.mp4": {
    "pred": "A car is moving along the road followed by a bus towards an intersection. The bus stops first and then another car approaches the intersection from the left side. After the car approaches the intersection, the second car collides with the front of the car, causing it to stop suddenly. The second car's front end starts to hit the car's front end first while the car stops in the rear. The person wearing dark clothes, white shoes and black shorts got injured after she collided. In the background there are road signs, street lights and building."
  },
  "./VRU_videos/DoTA/VRU_16.mp4": {
    "pred": "A person wearing blue clothes is riding a bicycle on the grassy side of a road then collides with a black car on the road and falls down in a lying position while a car is moving in the forward direction. A black car moves toward the left side of the road and collides with the person and stops while other vehicles are moving in different directions on the road. In the background, there are trees, pole, clouds, sky, road and other vehicles, and the sound of a car engine is audible."
  },
  "./VRU_videos/DoTA/VRU_17.mp4": {
    "pred": "A white car is moving toward the front, a red pickup truck is driving in the front lanes, and later, an orange and black motorcycle is moving toward the front and collides with the white car. A person wearing a black outfit is moving toward the front on an orange and black motorcycle, then collides with the white car. Another person wearing a yellow shirt is standing on the pavement, looking in the rear, then starts moving on a footpath while running and collides with the white car. A white van and a white automobile are driving in the right middle and left lanes, respectively. People are walking down the sidewalk, a water tank is moved to the side, and the traffic is moving. In the background, the sky is a shade of blue, there are street lights, trees, a footpath, a pole with traffic signs, the white van's direction, and a water tank in front of the white car."
  },
  "./VRU_videos/DoTA/VRU_18.mp4": {
    "pred": "The camera wearer is riding a vehicle towards the left. Two pedestrians are moving behind the cameraman wearing jacket and walking past the yellow vehicle towards the left. A car stops near the pedestrian walking direction, the pedestrian stops, and when the cameraman reaches a turn, the person wearing orange vest is bending down and the walking direction of pedestrian changes from the cameraman. Another car also stops when the pedestrian crosses the road, and the person wearing orange vest also stops. The second pedestrian gets up, bends down then stands up again, and then get back down, and the second pedestrian turns toward the person. After the second pedestrian turn toward the person then the person bends down and the pedestrian turns again to the left. As the second pedestrian moves forward, and the person comes back up, and then they fall down on the car. The person wearing the orange vest helps to get up the second pedestrian."
  },
  "./VRU_videos/DoTA/VRU_19.mp4": {
    "pred": "A grey car drives on a two-way road and accidentally ploughs into a standing stroller with the person still inside, causing it to get deformed and flipped over. A red car and a white car drive by at the same time as the grey car comes towards the stroller and collides with it. A person inside the stroller gets out after the impact. A black SUV comes driving and collides into both cars, pushing one over the the other, causing both cars to crash and the stroller to move forward towards the bushes on the side of the road. The first car that is stopped comes quickly to a gentle halt, while the second car remains at the same position. Another red vehicle that is on the side is seen moving slowly. The person standing in the stroller steps back and towards the person is visible in the video."
  },
  "./VRU_videos/DoTA/VRU_20.mp4": {
    "pred": "A black car travels ahead of a white car while a pedestrian wearing a red jacket walks left to right on the snowy road. The white car passes by the black car while the pedestrian standing on the left side of the road continues to walk right to left. Suddenly, the car driving behind the black car loses control and collides with the black car causing it to get stuck to the right side with the black car's trunk in the frame of the camera. The third car travels straight and passes by the two objects. The person standing on the left side on the snowy road stops walking and moves to the left side of the road. The third car continues to travel straight."
  },
  "./VRU_videos/DoTA/VRU_21.mp4": {
    "pred": "The video was captured by a black vehicle, with a road and a line of house buildings on the left side. The sky in the footage was clear, while the ground had a thin layer of snow. The first pedestrian stood on the left side of the road, dressed in black overalls and blue shoes. Their appearance indicated activity, as they started moving in different directions. The second pedestrian, on the right side of the road, appeared to be wearing brown overalls and purple shoes. They also started moving in different directions. The first car, seen in the beginning, stopped in front of the second pedestrian when the second car had passed. Upon passing, the first car attempted to start again near the second pedestrian, who started moving immediately after the car came to a stop. After one car passes the second pedestrian, they both moved their legs in different directions, both trying to cross the road at the same time. Suddenly, the first car's speed increased and it collided with the second pedestrian,"
  },
  "./VRU_videos/DoTA/VRU_22.mp4": {
    "pred": "A person wearing a gray t-shirt and white shorts, is standing on the right side of the road facing to the left side. He starts walking on a road towards to the left on the left side. A green light is visible in the front, so he starts looking to the left side. A vehicle from which the scene is being captured goes forward on a road and collides with the person. A vehicle is moving in the forward direction on the left side of the road, when it tries to overtake a person, which is standing on the right side of the road and stops, which cause a  collision between the first vehicle and the person."
  },
  "./VRU_videos/DoTA/VRU_23.mp4": {
    "pred": "A white car is going on a grey road, and it collides with a man on the right side of the road and the man falls to the ground after the collision. A group of cars comes from the left side and one car is moving in the forward direction on the grey road. In the background, the road, road surfaces, houses, trees, poles, signs, and the sky are visible."
  },
  "./VRU_videos/DoTA/VRU_24.mp4": {
    "pred": "The sequence of images depict a car crash occurring at night on a roadway. In the first image, the car's forward-facing camera is positioned as the vehicle attempts to continue its journey after colliding with another car. The second image displays an approaching car, suggesting the oncoming traffic was also involved in the collision. By the third image, the aftermath of the crash is visible, including a building sign and a stopped moving vehicle. In the fourth image, the camera movement is evident, with the car still capturing debris and surroundings amid traffic lights and buildings. The fifth image highlights road traffic signs, with the white lights of a traffic signal standing out. The sixth image reveals the rear of a moving vehicle with its brake lights on, positioned close to the pedestrian; this pedestrian is carrying a dark bag, and their postures indicate motion. In the final image, the vehicle appears as it comes to a halt, with bright lights reflecting off the street, and the surroundings are filled with the glow from the"
  },
  "./VRU_videos/DoTA/VRU_25.mp4": {
    "pred": "The camera wearer runs towards the white vehicles and touches a parked white car. The white car stops on its own. The third white car starts moving on the snowy road, but the first black car collides in between the second and third white car. After the collision, the black car starts doing a slow-motion stop on the white road. In the background, people are audible, and there is a snowy road, trees, parked cars, and a beige building that are visible."
  },
  "./VRU_videos/DoTA/VRU_26.mp4": {
    "pred": "The video shows a man wearing a blue top and purple tights, running from the right side. A red car, moving in the same direction as what the car is recording, had its right wheels hit by the man on the sidewalk. The man stopped on the sidewalk as the red car turned right, as a person on the left side of the car was standing and looking at the man. Another car, black, stopped as it passed by the red car. The woman, wearing white clothes, crossed as she walked.   The video shows a rainy road environment, with wet ground. A white building is on the right side.  The man crosses in front of the red car and stops to the left, where the person in white clothes stood. A black car turned right on the left side of the red car. The red car's wheels hit the man, and he fell to the ground. Two people were crossing the road. A person in white clothes, standing next to the red car"
  },
  "./VRU_videos/DoTA/VRU_27.mp4": {
    "pred": "A car is driving in the right direction on the road, collides with a person, and stops. A white car comes and collides with the person. A person wearing a black t-shirt and jeans walks on the road, moves left, and collides with the car. Another person coming from the right hits the person with a black t-shirt while walking on the road. Another person wearing black pants stand on a gray bench while talking a phone in the rear. In the background, there is a gray road, some buildings, cars, a white car and some trees. The voices of people and music is audible."
  },
  "./VRU_videos/DoTA/VRU_28.mp4": {
    "pred": "person wearing black jacket is walking on the right side and suddenly collides with the moving green bus then the person falls down on to the ground. people are walking on the right side. cars are moving in both ways. in the background there is a dark gray road, houses, bus, sky, metal poles and the beep of the car sounding in the background."
  },
  "./VRU_videos/DoTA/VRU_29.mp4": {
    "pred": "A person in a reflective jacket is running across the road, passing a group of parked cars, followed by a car and a yellow construction vehicle. Then, a group of parked cars, and another yellow vehicle and a black and white car are moving away.  a white car collides with the black and white car, creating a large impact. Finally, it collides with another car with a person walking across the the road, then the black car is pushed by a person in a bright yellow reflective jacket towards the oncoming car. The video ends with the black and white car being pushed by a person in a bright yellow reflective jacket towards the oncoming car."
  },
  "./VRU_videos/DoTA/VRU_30.mp4": {
    "pred": "A black suv, comes around a bend, moving on the road, hits a pedestrian with a leg open, stopping at a black pedestrian crossing. A white bus on the left side is moving on the road. A person wearing dark clothes, looking to the right and walking on the road, runs over a pedestrian, who hits the road, moves backward, and continues to run and gets hit again by a black SUV then gets injured. Pedestrians are walking and standing on the sides of the road. A group of people is standing and walking while another group of people is sitting on a bus. In the background, a bus, a road, a sign on the right, trees, sky, and road signs on the top are visible. People talking and a sound of vehicles are audible."
  },
  "./VRU_videos/DoTA/VRU_31.mp4": {
    "pred": "A white hatchback car on the left side is moving forward, colliding with a pedestrian wearing black clothes on the right side of the road. A man on the right is also walking on the road when a car collides with him, he then starts running, turns around and again walks back and starts jumping. Finally he starts running again in the same direction and stops the car. There are parked vehicles, a house, a pole, and a gray and white building. A gray concrete surface with some snow on the right side, a sidewalk, a road surface with snow, green trees and shrubs in front of the houses, and a blue sky with clouds. There are cars moving in the background. Person A is wearing black clothes. Person B is wearing red clothes. The pedestrian collides with the white car and then start running again and continues to move forward and then turns and again walks back with a white car. There are other persons moving in the background."
  },
  "./VRU_videos/DoTA/VRU_32.mp4": {
    "pred": "A car is moving on a cemented road surface and encounters an other car from its left. The other car collides with the first car, causing the vehicle to rear-end the other one. A person wearing a black-grey t-shirt is running away from the other car while crossing a cemented road surface and then moving in the opposite direction. The person wearing a black pants and a hat is stationary on the right side of the road surface and then starts crossing the road surface in the opposite direction and steps into the other road surface. A group of automobile vehicles is moving in different directions on the road surface. In the background, there is a white sky, a cemented road surface, trees, and a multi-storeyed building wall."
  },
  "./VRU_videos/DoTA/VRU_33.mp4": {
    "pred": "On the night of April 23, 2019, a car is driving on the road which seems to be lit by street lights. Buildings on one side of the road are illuminated by red lights. In front of the blue car, a red car's head lights are turned on. The car's speed fluctuates, sometimes increasing and sometimes lowering. As the car nears the intersection, the head lights of the red car are out of sight. The blue car swerves, collides with the red car at an intersection, resulting in a crash."
  },
  "./VRU_videos/DoTA/VRU_34.mp4": {
    "pred": "A white sedan with the license plate \\\"630 a0 \\\" is stopped on a red light and is slowly being picked up by the traffic when, suddenly, a pedestrian running along the the snow covered road makes a sudden right turn and starts running between the white sedan and the white car and then moves backward with her back turned to the a camera and starts moving in the opposite direction when she collides with the rear of the white sedan. Then, a black car with the red light on and moving in a forward position and comes to a stop on a black car, stops behind the white sedan. Then a group of pedestrians appear standing on the opposite side of the road. When that happened, a police vehicle stops behind the white sedan. When the pedestrian continues moving backward with her back turned to the camera, she collides with the rear of the white sedan and then falls backward while holding a handbag and gets up and starts walking on the right side. \n\nIn this scene, a"
  },
  "./VRU_videos/DoTA/VRU_35.mp4": {
    "pred": "A uniformed person riding a unicycle falls to the car on the right side of the road, stands on the car hood to make an attempt to control the bicycle, then bends down and gets on the car hood again getting up to walk on the road. A silver SUV approaches from the right side, stops, and moves to the left, turning the bicycle towards the black city bus while trying to stop the bike. The black city bus slows down and stops, and the person on the bicycle falls from the car to the road, then a silver SUV moves to the right side and stops again."
  },
  "./VRU_videos/DoTA/VRU_36.mp4": {
    "pred": "A man in a black coat and jeans, holding a pink bag, walks toward the vehicle then suddenly moves back to exit the vehicle before losing stability and falling to the ground. Several cars, including a white truck, a gray car, and a black car are in the front row with some parked vehicles on the left side. Buildings are visible on the sides of the street, with some trees visible in front of the buildings, and the sky is clear and blue."
  },
  "./VRU_videos/DoTA/VRU_37.mp4": {
    "pred": "On a narrow two-way road, a car stops abruptly while a woman gets up from the ground and begins to walk towards the dustbins. Following the woman is a third vehicle, which appears to be colliding with the first vehicle almost simultaneously. The woman then walks back the direction of dustbin. The first vehicle also moves away to join other vehicles proceeding on the road. In the background, vehicles are moving, a truck is present, and a dustbin is visible. Electrical poles and trees can be seen alongside the road, with a dustbin in one of them. The sky is bright, indicating daytime."
  },
  "./VRU_videos/DoTA/VRU_38.mp4": {
    "pred": "The video starts with a brown truck entering from the left moving forward on an asphalt street. Following the truck, there's an automobile whose windshield is smashed by a black car turning left. A black car with an object on its hood is seen in front of a white car, with a man in a grey jacket and blue pants leaning over the hood of the black car. The first person steps down from the car and crosses the street, while the second person is standing on the right side, holding something in their hands near the roadside. The road appears wet with reflections of cars, making the surroundings visible, and the sky is clear and sunny. Several vehicles are seen moving on the street, and the time stamp at the bottom right shows the recording date."
  },
  "./VRU_videos/DoTA/VRU_39.mp4": {
    "pred": "A blue car with a red flashing roof on the right has a collision with a black vehicle on the left, resulting in the black vehicle being dragged and falling into the crosswalk. There are several people crossing the road, going left, and a white car can also be seen behind the blue car. Trees and buildings are visible in the background."
  },
  "./VRU_videos/DoTA/VRU_40.mp4": {
    "pred": "A white car on the left side starts from the left side of the road and collides with a van on a bicycle on the center left lane. A motorcycle with a rider and passenger on the right side side gets stuck between the white car and the van on the center middle of the road. Another white car on the right side collides with the front end of the white car in front of the van. The rider of the white motorcycle gets out of the motorcycle and tries to get on the bike. The third white car on the center lane collides with the rear-end of the black van on a bicycle on the center left lane. The group of people who appears are in a blue t-shirt the group of people are crossing from right side of the road to the center road while the black van is running away. The wind screens of the camera with reflections and stickers. In the background, there are buildings, mountains, sky, green trees and other background sound is audible."
  },
  "./VRU_videos/DoTA/VRU_41.mp4": {
    "pred": "A person wearing grey clothes and hat is running on the foot-path and crosses the road with the pedestrian light was still red before colliding with the right side lane of a silver two-door taxi. Another person wearing a purple-grey hooded jacket is running and collides with a white SUV while standing near the front tire. The white SUV then stops moving to the right side lane. The silver two-door taxi, a green car, other cars moves forward and stops at red light in a stopped position. The red traffic light is on. In the background, there is a blue sky, buildings, a billboard, white footpaths, a pole with street lights, the shops, white cars, and taxis, and trees."
  },
  "./VRU_videos/DoTA/VRU_42.mp4": {
    "pred": "A black car collides with a grey-white van and another car on a road at an intersection. A red car that is partially visible on the left side of the frame is seen first moving in the same direction and then comes crashing through. A white-grey van is seen moving in the opposite direction on the right side. The pedestrians are wearing black clothes and are seen walking on the right side road on the sidewalk. In the background, a black-red car is moving towards the left side, there is an intersection, a brown sign, houses on a lawn, the white-grey van, a white wall, wet road, a traffic light, green trees, white-grey poles, a white sky outside the frame that is slightly overcast."
  },
  "./VRU_videos/DoTA/VRU_43.mp4": {
    "pred": "The vehicle with a visible dashboard is traveling on a straight path as shown through the camera view under the trees decorated with lights. Another vehicle appears from the left and moves closer to the left lane, moving faster towards the front vehicle. In front of the vehicle is a pedestrian who appears to be walking in crosswalk lines when another vehicle appeared behind and collided with the pedestrian, causing the pedestrian to fall. The pedestrian is wearing a black outfit. The sky is black, indicating it is night or it is very dark, and there are street lights running along the road. The road surface is gray asphalt, and the speed limit and timestamp also appear in the lower part of the screen."
  },
  "./VRU_videos/DoTA/VRU_44.mp4": {
    "pred": "ON A ROAD in a bright and clear day with light clouds, a grey sports car with its back window broken in driving straight in front of pedestrians and later moving to the left side of the lane, the pedestrian is skating in the backside, when the grey sports car changes direction, it collides with the pedestrian as he is skating on a sidewalk, and the two people together fall on the road. A yellow truck and a white van with all vehicles driving in separate lanes on the road and the grey sports car and the pedestrians running on a sidewalk, the white van and the yellow truck moving forward."
  },
  "./VRU_videos/DoTA/VRU_45.mp4": {
    "pred": "The video is taken from the front, and we can see a street with a white ambulance, parked on the left, moving on a straight road made of asphalt. A woman in a camouflage hoodie and blue pants is seen from the back side and running across the street after the victim comes out of the parked motorcycle's back. The scene is captured from the viewpoint of a moving car. Vehicles and pedestrians are moving around both directions. The sidewalk has grass on the side, and there is a wall behind the grass. There is a bright sky and trees in the background."
  },
  "./VRU_videos/DoTA/VRU_46.mp4": {
    "pred": "The person in white and grey clothing falls from the left side of the road, near some trees on the right.  The camera captures the street from the side and moving ahead, and we see on their car's dashboard that the time is 218:10.38. The car collides with a person that is on the wrong side of the road from the left. We can hear the sound of the collision in the video. The sky is dark, the lights of the street are on and we can see the shadow of the trees. The car's movement trajectory changes after hitting the pedestrian, and it continues to the right side before stopping, and the person's post-collision posture looks like  they are hurt."
  },
  "./VRU_videos/DoTA/VRU_47.mp4": {
    "pred": "A person wearing a black T-shirt with light yellow color pants is running toward the parked vehicles. The person jumps over the silver car, hits the black car and fell on the road surface. A silver car is moving in the forward direction on the road surface. It stops when the person jumps over it. A blue car is moving in forward direction on the road surface. When the person hits into the blue car, the blue car is stopped because of the traffic lights on the road surface. When the black car stops, the person falls on the road surface which is covered by a rain cover. In the background, there is a traffic light pole, sky, road surface, road signs, a white bus parked to the right, another bus parked to the left, black pickup trucks parked on the road and other parked vehicles and a white windscreen. Tire sound and people speaking are audible."
  },
  "./VRU_videos/DoTA/VRU_48.mp4": {
    "pred": "A person walking on a crosswalk moves past a silver car from the right to the left. A white car crosses the road from the right, passes by the pedestrian, then moves ahead on the road, and collides with the silver car, causing the silver car to stop and then strike the pedestrian who starts to fall, and they both land on the road. In the background, there is a white building, trees, a street light pole, vehicles, buildings, a blue sky, and an oncoming white car and a bus that is moving in the opposite direction. A VOICE is heard."
  },
  "./VRU_videos/DoTA/VRU_49.mp4": {
    "pred": "a man running away from a road intersection on the foot gets hit by an oncoming blue-grey bus that runs on the zebra crossing and hit the sidewalk and hit the car in front and stop. Two people are on the foot crossing the zebra crossing, but one of them falls while crossing the zebra crossing and gets hit by a white SUV that is standing in front of the bus and crashes into the the car in front and then the car leaves the impact and continues moving forward. Another person riding a bicycle is standing outside, watching the entire incident. In the background, there is a snowy road with buildings, street lamps, cranes, cars, trees and poles."
  },
  "./VRU_videos/DoTA/VRU_50.mp4": {
    "pred": "A black car is driving on the snowy road and then a white van collides with it. There are several cars, several motorbikes, and people running across the the road. A person is crossing the road while riding a motorbike. It seems that the motorbiker stops suddenly but continues moving while the black car and the white van make contact, causing the black car to start moving."
  },
  "./VRU_videos/DoTA/VRU_51.mp4": {
    "pred": "Across the street of white vehicles which move forward, the traffic light in front of them changes, and a motorcycle moves away and takes steps to the front while moving to the other side of the street. The traffic light behind the vehicles is green, and no motorcycle is walking to the other side. The motorcycles go into the black car's road, and the person walking ahead stops at the motorcycle from the right of the black car. The black car stops, and the pedestrians stop walking as they cross the road in front of the black car. The person on the left side of the black car moves, and one of the people walking stops and watches as the black car moves forward. The black car passes by the person before driving, and the motorcycle from the right side stops, and one of the people walks away from the area to the road."
  },
  "./VRU_videos/DoTA/VRU_52.mp4": {
    "pred": "A person wearing a green jacket and blue jeans holds a pink bag on the right side of the road. A silver car with a grey roof passes behind them and collides with them on the right side causing both the person and the car to get off the road."
  },
  "./VRU_videos/DoTA/VRU_53.mp4": {
    "pred": "A vehicle moving towards the right is seen behind an overturned white vehicle, moving in straight lines, and colliding with other vehicles moving in straight lines on roads. A person wearing a white shirt is seen moving and doing an acrobatic trick, landing on the road. A person wearing yellow jeans is seen standing on the left side. A yellow car runs into the opposite lane. A black motorcycle with a passenger is seen coming towards an intersection, parked briefly when it turned off the bike lane, and then proceeding straight after stopping again on the bike lane; it then stops at a red traffic light. Traffic lights, and electric poles are seen in the background. Several vehicles appear behind the black motorcycle. Trees are seen in the background. A man, visible in the vehicle, wearing yellow clothes, makes the vehicle stop at an amber light. The sky is clear and blue. Vehicles, lights, and poles are metallic, while the road and trees are grey."
  },
  "./VRU_videos/DoTA/VRU_54.mp4": {
    "pred": "A person wearing a gray outfit with a yellow object is visible in the vehicle's front area. A red vehicle with a dark design is going to the right on a black road surface. The vehicle then crashes into a red car on the left while trying to turn right. The red car does not move and falls between two other cars. The camera wearer wearing a brown outfit is partially visible in front of the person in gray. \n\nIn the background, a red car is moving on black road surface, there are buildings, green and red lights, a sign with white letters, black clouds in the sky, vehicles in the road surface, light poles, a white sky, and a black top on the cars."
  },
  "./VRU_videos/DoTA/VRU_55.mp4": {
    "pred": "A blue motor bike with a pink helmet is on the right side of the road, then it shifts to the left. A group of people are crossing the road on the left side, and a car approaches. The car is stopped at the traffic light. A blue car is moving forward. Another blue bike is on the right of the road. Another blue car is behind the bike with a blue jacket. A car is stopped on the left side of the road. A black motorcycle with black clothes is on the left of the road. The black motorcycle is crossed a yellow garbage bin before the crash. A white car is moving forward. A tall building is visible on the left side of the road with some parked cars on the road. A blue and a white car move forward from the left direction. People on the opposite side are moving towards the right from a motorcycle. Trees on the road, streetlights on the left side and a white parked road are visible on the left. The cars, bik"
  },
  "./VRU_videos/DoTA/VRU_56.mp4": {
    "pred": "A black SUV turns the corner and collides with a red motorcycle on the street. The motorcyclist looks straight ahead, and the SUV's front goes out of alignment. The collision results in an SUV that comes to a stop in the middle of the road. The motorcycle's rider, wearing a black jacket and a black helmet, looks straight ahead. Two pedestrians, one in black clothing and the other in pink clothing, stand in the middle of the pedestrian sidewalk. They raise their hands in an attempt to stop the collision or to protect themselves. The traffic light turns green and two cars behind the motorcycle begin to slow down, stopping after the collision."
  },
  "./VRU_videos/DoTA/VRU_57.mp4": {
    "pred": "THE SEVEN STAR CAR IS MOVING FORWARD ON A YELLOW ROAD TUNNEL AND THE RED CAR COMES OVER TO THE LEFT OF THE YELLOW CAR AND THE THREE PEOPLE ALONG WITH THE RED CAR TRY TO CROSS BUT THE YELLING PEOPLE COLLIDED WITH STONE AND DROWN IN THE ROADWAY AND THE ROAD TRUCK MOVES IN A WRONG TURNTURN AND COLLIDING WITH THE STONE AND DROWNED PEOPLE, THEN THE THIRD RED CAR THAT COMING FROM RIGHT HAD BEEN STOPPED AND THE THREE PEOPLE ALONG WITH THE RED CAR THAT WAS CROSSING DROWNED IN THE ROADWAY"
  },
  "./VRU_videos/DoTA/VRU_58.mp4": {
    "pred": "On the road is a car moving towards the right side of the road, a man wearing black and blue clothes is coming from the right side with a bicycle moving ahead. The road is grey in color and is divided by a cross road with green trees bordering both sides on the sidewalks. The sky above is clear and blue. At the back, there are walls with some stuff on them. Near the crossing on the lane at the back, there are brown objects on the ground. On the right side, there is a white car passing by the crossing. The man on the bicycle moves from the right side towards the crossing. The man on the bicycle stops and leans the bicycle to stop the bicycle collision. The man on the bicycle moves backwards. The car stops in time and stops behind the woman on the bicycle and then the car moves forward."
  },
  "./VRU_videos/DoTA/VRU_59.mp4": {
    "pred": "A white car with blue headlights is driving from right to left on the road. A motorcyclist wearing a pink cloth is walking from left to right on the road. The pedestrian collides with a white car that is driving from right to left on the road. The first car collides with the motorcyclist who is walking on the road."
  },
  "./VRU_videos/DoTA/VRU_60.mp4": {
    "pred": "On the multi-lane road, a black car is approaching the intersection. The black car stops and starts turning right on the left turn lane, when it gets hit by silver car passing from the left lane, moving straight on the opposite lane. The silver car has been overtaking the black car before the impact, and the pedestrian running in the right lane on the moving scooter is moving in an attempt to avoid the collision and runs away from the scene. In the background, there are trees, houses, buildings, a barricade, a gray pole and buildings on the right side. The ground is gray road and the sky is blue."
  },
  "./VRU_videos/DoTA/VRU_61.mp4": {
    "pred": "A white car is driving on the road and a pedestrian is crossing the road from the right side of the road. The man in black clothes turns left and is about to run into the oncoming car when another vehicle's headlights lights up the man, making him turn around. The first car stops abruptly and the vehicle driven by the person in black is hit hard on the road, and it stops and the driver is not visible. In the background, there is a white background and an intersection with a crosswalk and road surface and vehicles' and people and trees are visible."
  },
  "./VRU_videos/DoTA/VRU_62.mp4": {
    "pred": "A person wearing a blue jacket is in motion and is crossing the road and is hit by a moving vehicle from behind. Another person wearing a green jacket and black pants is standing near the moving vehicle in the median. After that the first person stops the moving vehicle and the person in the green jacket, steps towards the black moving vehicle. In the background, there is a dark grey surface, white-grey buildings, a blue sky, electric poles with lights, parked cabs, a green bus, a moving sky blue vehicle, green trees and a red light overhead signal lights. The voices of several people is audible."
  },
  "./VRU_videos/DoTA/VRU_63.mp4": {
    "pred": "A man wearing a red t-shirt and black pants runs on the road then quickly stops near a gray car and another person running appears. There is a person running inside another black car. A yellow bus is moving toward the the left side of the car toward the gray car. In the background there are trees, roads, buildings, poles and people laughing."
  },
  "./VRU_videos/DoTA/VRU_64.mp4": {
    "pred": "THE CAMERA, FROM THE VIEW OF A CAR DURING AN ACCIDENT. A WHITE VAN DRIVES LEFT TOWARDS THE CROSSING ON THE LEFT SIDE OF THE STREET. THE VAN SOUNDS AND THE WALKING MAN STANDS AT THE CROSSING IN THE MIDDLE OF THE STREET. THE VAN PARKSING AT THE CROSSING, A CAR GOES LEFTWARDS TOWARDS THE VAN. THE VAN COLLAPSES ON THE MIDDLE OF THE STREET, THE WALKING MAN STANDSS RIGHTWARDS. THE LIGHT SOUNDS ARE WHITE, THE ROAD IS BROAD, THE ROAD MARKINGS ARE PRESENT AND THE SUN IS ABUNDANT AND THE AIR IS CLEAR."
  },
  "./VRU_videos/DoTA/VRU_65.mp4": {
    "pred": "The cyclist wearing a blue sweater and black pants is holding a red bag and walking along the right side of a black and white double-decker bus that is moving straight. There is a white and black car beside the bus, moving in the same direction. The cyclist is suddenly attacked from the front by the bus. On the left side, there is a silver car and green jeep driving in the opposite direction, moving parallel to each other. On the right side, there is a white car, driving in the right direction parallel to the bus. A black car is driving in the forward left direction. There is also a white bus standing idle on the right side and a grey car moving in the opposite direction. A person is spotted walking in the left direction, ahead of the black car. People in the white car are driving by on the backside. \n\nThe cyclist is lying on the road, facing downward. The double decker bus crashes and stops in front of the cyclist, flattening their"
  },
  "./VRU_videos/DoTA/VRU_66.mp4": {
    "pred": "The scene starts with a group of pedestrians walking in the crosswalk, and a car is moving from the front direction. After crossing the road, a vehicle on the right side collides with the van on the left side, causing the van's rear door to break open. A group of people including pedestrians and taxi driver are also seen getting out of a car standing next to the right-side van and the taxi. The taxi driver immediately gets out of the taxi, and then tries to get in the van on the left side. The van is moving on the left side in the forward direction."
  },
  "./VRU_videos/DoTA/VRU_67.mp4": {
    "pred": "A black car is seen driving on the road and swerving in the left direction when suddenly a black sedan comes from the left side colliding with it. When the scene clears, the pedestrian stands still, but a few moments later, the pedestrian is lying on the road."
  },
  "./VRU_videos/DoTA/VRU_68.mp4": {
    "pred": "Several vehicles are seen riding on a two-lane road during twilight, with the sun and some clouds in the background. A white mini van and a yellow truck with Cyrillic writing \"Weber VOTONT\" parked in the road behind the white mini van. A man wearing black clothes is walking beside the white mini van while holding a black item, and a woman wearing a black jacket is walking in a forward direction, talking on her cellphone. Another woman wearing red and blue clothes, a gray SUV, a car, and a car parked behind the road pass by. The gray SUV suddenly starts to accelerate and drives toward the white mini van and the yellow truck. The white mini van turns to the right suddenly while slowing down and collides with the gray SUV. The pedestrians walk on the right side of the road as the crash happens. The gray SUV collides with the vehicles on the road, and the vehicles stop on the road. The driver of the silver minivan in the front is"
  },
  "./VRU_videos/DoTA/VRU_69.mp4": {
    "pred": "A blue car is moving forward on a one-way road, and a person wearing red clothes runs out on the road from the right side, then enters to the road left side and falls while trying to jump the car. Another person wearing a maroon jacket runs out on the road and goes towards the left side car. The third person wearing a red jacket is standing on the left side road and walking in different directions. In the background, there is a gray building, green plants, the road, and the sky. The car sound and woman running sound is audible."
  },
  "./VRU_videos/DoTA/VRU_70.mp4": {
    "pred": "A silver car is stopped on the road and then moves forward and collides with a black car. There are multiple cars, a white van, and a bus moving on the road. A black car is stopped on the road and later steps on the floor mat to move forward and get into the red car. In the background, there is a building, sky, trees, cars moving, black car, white car, a red car, and other moving vehicles"
  },
  "./VRU_videos/DoTA/VRU_71.mp4": {
    "pred": "A man wearing black clothes is in the middle of a white car and bends down to a silver car on the the left side. Then the man puts his left and right hand out to a silver car and the man begins to walk forward. A white car moves from left to right with other cars behind and stops near the man of black clothes. The man on the left side in the white car looks inside the silver car by doing something. Another white car moves from right to left with other cars behind and stopped near the man on the black car. The man on the left side in the white car gets out the vehicle by moving his right hand and puts it on the back of another white vehicle. The man jumps from the silver car to the back of the white car then moves his left hand then got out from the back of the white vehicle by bending down."
  },
  "./VRU_videos/DoTA/VRU_72.mp4": {
    "pred": "A man wearing a maroon t-shirt is crossing the road from the road surface to a zebra crossing. He has started running to cross before a white bus which has stopped on the zebra crossing. While running, he slips and falls on the road surface. Meanwhile, a white van has turned right from a perpendicular road surface without any stop sign. The white bus on the zebra crossing continues moving forward, hits the van, and comes to a stop. A gray car then turns right from the white van. The white bus has passed the zebra crossing and turned left, and there's a silver car driving on the road. In the background, the sound of vehicles, voices of people, parked cars, bushes, trees, buildings, a van, a white bus, a pedestrian, grey car, a road surface, traffic lights, and a clear blue sky are visible."
  },
  "./VRU_videos/DoTA/VRU_73.mp4": {
    "pred": "The video is captured from a car dashboard camera perspective, displaying a sunny day with clear blue skies. It shows a highway where multiple vehicles are seen travelling in both directions, with buildings, fences, and greenery along the sides of the road. In the middle of the road, a dark grey car is seen from behind, moving at a moderate speed, followed by a white car and a person who starts falling out from the dark grey car as they are moving backward. The person is wearing a t-shirt and light-colored shorts, and he eventually sits down while he's falling. The white car continues straight on the road, while the dark grey car stops abruptly, causing the pedestrian to fall hard onto the road. The video also shows an advertisement on the right side of the view and another one in the background. The timestamp of the video indicates that it was captured on June   at  10:55:28."
  },
  "./VRU_videos/DoTA/VRU_74.mp4": {
    "pred": "The video shows a grey car driving on the road with the white lines, when it collides with a person wearing a blue sweatshirt. The person wearing blue swings his hand at the moment collides with the car, then the person jumps down, stands on the pavement and watches the grey car. The car is moving on the road and hits the pedestrian, then the person stands on the right pavement and watches the car. In the background, there are street light poles, trees, houses, barriers, and parked cars. The sky is grey, there is some snow on the ground, and it is a bright cloudy day."
  },
  "./VRU_videos/DoTA/VRU_75.mp4": {
    "pred": "A person wearing a black outfit is walking across the road and suddenly gets hit by another car while standing in front of it. The pedestrian then falls to the ground. A vehicle comes from the right side and collides with the pedestrian from the front while driving towards the pedestrian. In the background, there are parked vehicles, buildings, pole lights, the road surface, and the sky. The voice of a car engine is audible."
  },
  "./VRU_videos/DoTA/VRU_76.mp4": {
    "pred": "A group of cars are moving forward on the road, while a man wearing a grey t-shirt and shorts runs toward the crosswalk. After the cars pass by, the man falls on the crosswalk and then walks across the road toward in front of the moving cars. In the background, there is a road, grass, trees, buildings, electricity poles, a yellow car, a white van with black stickers, black cars, and a white bus. The people's voices are audible. In the end, the man stands on the road in front of the moving cars."
  },
  "./VRU_videos/DoTA/VRU_77.mp4": {
    "pred": "The camera wearer/s who is inside the car observes people running to the side of the road, then the white, gray, and brown cars drive in an intersection. The white and gray cars stop, but the brown car starts to move in the straight line and collides with the bumper of the gray car and moves forward and hits the the windshield of the gray car with its headlights. The person on the sidewalk near the trees has a yellow jacket on their body and runs behind the trees near the traffic signals when the silver-grey car drove in the intersection from the left direction. The person wearing a white jacket on the same side of the road moves to the right in front of the white car and stops when the gray car collides with the car.  others wearing different clothing are seen by the gray and the brown cars in the middle and the bottom right of the frame. there are trees, a pole, and street lights in front of which there are cars. The sky is cloudy, and the"
  },
  "./VRU_videos/DoTA/VRU_78.mp4": {
    "pred": "A black car is moving from right to left on the road. A group of pedestrians is walking on the right side of the road, and one person in a suit is walking between a black car and the sidewalk. A group of people is crossing the road from right to left on the zebra crossing. The white car comes from the right to the center, collides with the black car and moves in both directions on the road. A dog is lying down on the road near the black car. Another group of people and the third group are walking on the road one after another. In the background, there is a white banner with blue sticker, a white building, buildings, traffic signs and pillars, a grey road surface, patches of dry leaves, and parked vehicles and traffic."
  },
  "./VRU_videos/DoTA/VRU_79.mp4": {
    "pred": "The camera wearer is recording the area from the moving vehicle speed. There are cars, people and a tall building in the background. In the background, there is a grey surface, a street light, a blue traffic sign, parked cars, a tall building and some trees."
  },
  "./VRU_videos/DoTA/VRU_80.mp4": {
    "pred": "The white car is moving forward on a gray road while passing a red traffic light. The motorbikes pass by the left and then the right side of the white car and collide with each other. The gray car stops behind. The white pedestrian crosswalk walks beside the right side of the white car. The black car enters from the left side and collides with the white pedestrian crosswalk. After that, the black car stops its speed and moves on the road. A black car then collides with a white car in the right lane, causing the red traffic lights to illuminate. The white car then stops and then collides with another white pickup truck, stopping its speed. People approach the two vehicles after that, and one of them walks beside the white car. There is a red and yellow banner hanging from the poles. The sky is gray."
  },
  "./VRU_videos/DoTA/VRU_81.mp4": {
    "pred": "A man wearing black jacket is walking crossing a road but is suddenly hit by a silver car and gets hurt before hitting the second silver car. A silver car whose front windshield gets shattered during the collision then moves further forward in the road. The silver car and second silver car moves after the collision. In the background, there is a white road with multiple cars driving behind the damaged car, residential buildings, street lights, greenery, and a cloudy sky."
  },
  "./VRU_videos/DoTA/VRU_82.mp4": {
    "pred": "On the street, a grey car changes its direction in a straight lane, and then the front of the car collides with a red vehicle turning from the other lane. With their back bodies towards the red vehicle, the pedestrians and cars on the road move in different directions. The traffic is bustling because cars are moving in different directions on the road. After colliding with a car, the driver of the grey car exits the vehicle, and in the foreground, a red car is also moving from the other lane. The traffic light on the side of the road is green, and the sky is cloudy."
  },
  "./VRU_videos/DoTA/VRU_83.mp4": {
    "pred": "The person with the camera is driving on the road and then another white car approaches from the left. The second white car then hits the white car in front and the white car continues to move while making a U-turn. The group of people is on the right side and two of them were crossing the road, one person on the yellow and white cart and the other was walking beside the cart. The first person on the yellow and white cart suddenly stood up and quickly stepped back on the road while the other one also stepped back and followed the same actions. Another group of people, two males on the left side are walking, one of them is wearing a green t-shirt. The background sound in the video is audible. In the distance, we can see a red light, green shops, buildings, and a clear sky."
  },
  "./VRU_videos/DoTA/VRU_84.mp4": {
    "pred": "A white bus is coming from the left and stops on the grey road at the right side on the right side. A man wearing black pants is running to the right of the bus and is hit by the right side by another bus, then walks to the back on the left side. Another white car is driving on the grey road from the left to the right. In the background there are houses, green boards on the side walls, wires and pole, blue sky with white clouds and trees."
  },
  "./VRU_videos/DoTA/VRU_85.mp4": {
    "pred": "On a gloomy, overcast day, a white-colored bus driven in front of some white and red pedestrians is slowly moving forward on a two-lane paved road. There are bare trees with green posts on both sides of the highway, and the sky above them is gray. In front of the bus, a person wearing black and white clothing is running on the right side of the road. As the bus continues its way down the highway, another person wearing a red shirt runs on the right side of the road while another person wearing black carrying a plastic bag is moving on the left side of the road on the grassy surface of the highway. The bus slightly bumps into the first person and stops behind other two people with a vehicle, and then quickly speeds up forward. The pedestrians stay to the side of the road and continue walking."
  },
  "./VRU_videos/DoTA/VRU_86.mp4": {
    "pred": "A black car is moving in the forward direction and suddenly a pedestrian stops and starts walking on the right side of the road. A black car moves on the forward direction. A person on the right holding something and starts crossing the road. A grey car moves on the forward direction. A white car moves on the forward direction. A white and black coloured car is moving on the forward direction.\\nThe woman stops right side moving and starts walking on the right side of the road. A person on the right wearing a black jacket comes backward and steps in front of the grey car.\\nThe video ends with a collision."
  },
  "./VRU_videos/DoTA/VRU_87.mp4": {
    "pred": "A white car collides with a black pedestrian on the right side of the road. A group of pedestrians is standing on the road and a person is lying next to a group of pedestrians, then one of them walks on the road while the others move away from the road. A group of cars are driving on the road at the back side while some are standing on the road. In the background, a road, buildings, and trees are visible."
  },
  "./VRU_videos/DoTA/VRU_88.mp4": {
    "pred": "A silver car that is moving towards the direction of the person on the grey car and runs into him. A brown car behind the car A stops and starts walking and then runs. A white car is moving slowly on the road behind the grey car and then turns to the right and moves towards the person on the grey car. A green car and other vehicles are moving slowly in different directions on the road. A person wearing a black jacket and blue jeans on the grey car walks and stops and then bends to and then walks aside to another side of the road while looking backwards to talk to another person. Another person wearing a brown jacket and blue jeans with black shoes on the grey car walks across the the road and then bends down towards the grey car. A person wearing a black outfit is standing and then gets pushed by the first person on the grey car. A man from a white car wearing a black outfit gets hit by the brown car by the roadside and then starts walking. A man wearing a black"
  },
  "./VRU_videos/DoTA/VRU_89.mp4": {
    "pred": "A black car is moving in the front and then stops and then moves back on a grey road and then moves right and collides with a person. The person who was walking in the back, stands up and goes away and then gets hit by the car and a car approaches a bus stopped on a grey road with white buses parked on both sides. The bus starts moving back. The sky is grey and cloudy and the roads is a grey road with a red light on both sides. Some cars are moving in the background, a white truck is also moving on the side, trees are present beside a vehicle. There is a multi-purpose white bus and two black vehicles are also moving on the road. A black car collides with a white bus and stops at a red light. A person is standing in-between the vehicles and suddenly a black car collides with him and stops after hitting him. The second black car is moving in the front and collides with the first car and they both turn to"
  },
  "./VRU_videos/DoTA/VRU_90.mp4": {
    "pred": "A dark coloured car gets hit on the back and runs to the back and bends to rescue the woman in the pink coloured clothes and then gets trapped in the back side by another car. Another dark coloured car runs into the running car and crushes the three passers by and runs away after seeing the three passers. A man wearing black clothes is running on the backside of dark coloured car and looking at the accident and then bend to rescue the woman in the pink coloured clothes. After that the man stands and looks towards the oncoming driver, and stops near a light pole. A woman is first walking forward, collides with the car and then stops in a blue dress shirt. First another man wearing green clothes runs to the passing car and bends to rescue the woman in pink colour clothes, after that man stands and walks away. Then a man wearing a black jacket bends knee and grabs the backside of the car and tries to move away, but then gets crushed by another moving car and"
  },
  "./VRU_videos/DoTA/VRU_91.mp4": {
    "pred": "A person wearing a black jacket is walking on the road. A white truck with a person walking under it on the back is moving from the left side of the road while moving forward in the same direction of the pedestrian. A cemented car is moving in the reverse direction from the left side toward its left side, crosses a pedestrian in front, loses balance, and falls down. A car is moving in forward direction on the right side from left of the pedestrian to the right of the pedestrian. In the background, there is a road, green trees, sky, buildings and some writing on the building."
  },
  "./VRU_videos/DoTA/VRU_92.mp4": {
    "pred": "Over the sequence, a group of vehicles was driving towards the intersection. One of the vehicles crashed into the side of a car with wheels. The car stopped abruptly, and the pedestrian running towards the intersection was injured and landed on the car. Throughout the day, the sky was blue, and the buildings along the road were visible."
  },
  "./VRU_videos/DoTA/VRU_93.mp4": {
    "pred": "The woman wearing a brown coat with brown gloves puts her hands on her head and is lying on the side of the road while a traffic jam forms behind her as she runs out. Several vehicles including trucks, buses, cars, and a blue car can be seen. In the background there is the grey road, white sky, snow and pole."
  },
  "./VRU_videos/DoTA/VRU_94.mp4": {
    "pred": "A white car is moving forward on a gray road with speed limit sign boards visible on its right side; a red and white barrier stands on the right, and a red and white sign is visible to the left. In the distance, a person wearing red clothing crosses the road, and before long, a black car and a motorcyclist approach from the right side, passing behind the red signboards. A person wearing yellow clothing stands next to the black car, and a white car moves past them. The car ahead hits the road barrier in front of it which causes damage to the vehicle, with the car flipping forward. A person on a motorbike runs on the sidewalk on the right side of the road when the vehicle runs over them."
  },
  "./VRU_videos/DoTA/VRU_95.mp4": {
    "pred": "A black car is moving forward then it collides with a person who is just coming on on the road, the person falls onto the road. A grey car, a white car, a black car and a green car are moving on the road in the forward direction, they collide with a black car, then a person falls off on the road. In the background, there is a snow road, a grey house, trees, buildings, a sign pole, and the sky, and a beep sound and wind blowing and people laughing and speaking sounds are audible."
  },
  "./VRU_videos/DoTA/VRU_96.mp4": {
    "pred": "A person wearing a black dress, who is crossing a zebra crossing on foot, has been hit on the back by three vehicles from a rear-view camera. There are three cars visible, the first white sports car turned right, another red car in front of the white car, and finally a black car on the right side. The first red sports car that turns right is positioned behind the third vehicle in the front. The second red sports car is positioned behind the first white sports car, and the third white sports car is positioned behind the second red sports car. The third black car in the front is positioned behind the first red sports car near the zebra crossing, then turns right on the zebra crossing. The sky is dark in the background, traffic lights are green-red, and a long street is visible on the left side of the image. The car's speed is 134 kilometer per hour."
  },
  "./VRU_videos/DoTA/VRU_97.mp4": {
    "pred": "A black car driven by the person whose hands are visible, starts to slow down and turns right. It passes through the pedestrian crossing and collides with another black car on the road. Another black car driven by a person wearing an orange helmet starts to cross the pedestrian crossing, passes through it, and collides with the front end of the black car in front. The video ends with both of the cars colliding. In the background, there is a grey road, green trees on the left and right sides, signs, buildings, street lights, traffic lights, a crane, and moving vehicles."
  },
  "./VRU_videos/DoTA/VRU_98.mp4": {
    "pred": "A car is driving on the road toward an area where a pedestrian on a dark outfit is crossing the road from right to left. A motorcycle appears next to a black car is moving from left to right and a red car behind a white car is moving in the same direction as the car. As the pedestrian crosses the road, a red light flashes, and the car collides with the two white parked cars. The pedestrians clothes, and the motorcycles clothing are visible. The road is surrounded by snow covered roads, and the street lights are white, and the environment has trees, tall buildings, and sign boards, green car and white cars parked around."
  },
  "./VRU_videos/DoTA/VRU_99.mp4": {
    "pred": "A white SUV is moving straight when suddenly it gets hit from the front by a dark red car in the far left lane. After the impact, a group of three people on the right side in the crosswalk look in forward direction. More cars are moving in the right and straight direction while a person on the front left side drops something on the right side. The vehicle in front and right side of the SUV are moving in a straight direction with some speed and then stop when they got hit.  The person is moving on the cross walk while being noticed by the parked cars. And then looks in forward direction when the impact has occurred. The person on the far right side in the crosswalk starts moving to the right when a collision has occurred and continues to run in that direction. The vehicle in the back stops almost while the impact has occurred, and the car in the front also stops almost. The road is grey in colour and wet. The weather outside is cloudy. The buildings around are white"
  },
  "./VRU_videos/DoTA/VRU_100.mp4": {
    "pred": "A blue four-wheeler car moving from the right side of the road slams into a red car that's stopped at a red traffic light. Immediately afterward, a white car with two people walking on the sidewalk to the left side collides with the blue car. The white person on the back of the white car is thrown into the blue car, and the white person in the front is thrown out of the car, crashing into the red car. The red car also falls to the ground, and several other vehicles are shown moving in the opposite direction on the road as the video ends."
  }
}