{
  "./VRU_videos/DoTA/VRU_1.mp4": {
    "pred": "The video depicts a car crash involving a pedestrian and a vehicle. The scene is set in a rural area with a dirt road and a clear sky. The car, moving at a high speed, is seen approaching the pedestrian from behind. The pedestrian, wearing a white shirt and dark pants, is walking on the side of the road. As the car gets closer, the pedestrian suddenly turns around and walks away from the vehicle, possibly to avoid a collision. The car's trajectory is towards the pedestrian, and the driver's speed is high, indicating a potential attempt to overtake or pass the pedestrian. The pedestrian's movement is unpredictable, as they change direction abruptly, which could have contributed to the accident. The final impact is not visible in the video, but it is implied that the car hits the pedestrian, causing them to fall to the"
  },
  "./VRU_videos/DoTA/VRU_2.mp4": {
    "pred": "The video depicts a severe traffic collision that occurred on a snowy day. The scene is set in a busy city street with multiple lanes of traffic, including cars and buses. The weather conditions are snowy, which can be inferred from the slippery road surface and the presence of snow on the ground. The vehicles are predominantly black and silver in color, and there are several pedestrians visible in the scene. \n\n\nA man in a red jacket is seen crossing the street, walking towards the right side of the frame. He is wearing a backpack and appears to be in motion, possibly running or walking quickly. He is in the middle of the road, which is a no-crossing zone. \n\n\nA black car is approaching from the left side of the frame, moving at a high speed. The driver of the car is wearing a black jacket and seems to be focused on the road ahead"
  },
  "./VRU_videos/DoTA/VRU_3.mp4": {
    "pred": "The video depicts a car crash that occurred on a busy city street. The scene is set in the daytime under clear skies. The road is a four-lane highway with multiple lanes, and the vehicles are predominantly cars and trucks. The traffic light is green, indicating that the vehicles are moving in the same direction. A black car is driving in the right lane, approaching a pedestrian who is crossing the street. The pedestrian is wearing a white shirt and black pants, and is in the process of crossing the road. The car is moving at a moderate speed, and the driver appears to be focused on the road ahead. As the car approaches the pedestrian, the driver suddenly changes direction, swerving to the left to avoid the pedestrian. However, the pedestrian does not notice the car's change in trajectory and continues to cross the road. The driver's sudden s"
  },
  "./VRU_videos/DoTA/VRU_4.mp4": {
    "pred": "The video depicts a bicycle crash that occurred on a city street. The scene is set on a sunny day with clear visibility. A bicyclist, wearing a white shirt and blue jeans, is seen riding a bicycle on the right side of the street. The cyclist is in motion, moving towards the left side of the frame. A car, with its headlights on, is approaching from the left side of the street. The car's driver is wearing a black shirt and is also moving towards the left side of the frame. The cyclist is riding in the bike lane, which is adjacent to the sidewalk. As the car approaches, the cyclist makes a sudden turn to the left, attempting to cross the street. However, the car driver does not notice the cyclist's turn and collides with the cyclist, causing the cyclist to fall off the bicycle."
  },
  "./VRU_videos/DoTA/VRU_5.mp4": {
    "pred": "The video depicts a nighttime scene on a two-lane road with a clear sky and dry, paved surface. A car is driving on the right lane, approaching a pedestrian who is standing on the side of the road. The pedestrian is wearing dark clothing and appears to be in a relaxed posture, possibly waiting for a ride or a bus. The car's speed is moderate, and it is moving at a steady pace. As the car gets closer, the pedestrian suddenly steps onto the road, causing the vehicle to swerve to the left to avoid a collision. The pedestrian then walks into the path of the car, and the driver brakes to avoid hitting them. The pedestrian's behavior is unpredictable and sudden, leading to the need for the driver to react quickly to avoid a potential accident. The car's trajectory changes from a straight path to a curve to the"
  },
  "./VRU_videos/DoTA/VRU_6.mp4": {
    "pred": "The video depicts a nighttime scene on a two-lane road with a clear sky and no visible precipitation. A car is driving on the right lane, approaching a pedestrian who is crossing the road from the left sidewalk. The car is moving at a moderate speed, and the pedestrian is in the process of crossing the road, with their posture indicating they are in the middle of the crossing. The car's trajectory is straight and steady, and the driver appears to be maintaining a safe distance from the pedestrian. However, as the pedestrian reaches the center of the road, they suddenly change direction and start walking towards the right side of the car, possibly to avoid the oncoming traffic. The driver of the car reacts quickly by swerving to the right to avoid a collision, but the pedestrian continues to walk towards the right, causing a head-on collision. The impact is severe, and the"
  },
  "./VRU_videos/DoTA/VRU_7.mp4": {
    "pred": "The video depicts a nighttime scene on a two-lane road with a clear sky and no visible precipitation. A large truck, traveling at a moderate speed, is approaching a pedestrian who is walking on the right side of the road. The pedestrian, wearing dark clothing and carrying a backpack, is walking in the same direction as the truck. As the truck gets closer, the pedestrian suddenly turns and walks into the path of the truck, causing a head-on collision. The truck driver, wearing a white shirt, is seen braking and swerving to avoid the pedestrian, but the pedestrian's trajectory is unpredictable and the collision is inevitable. The truck driver's vehicle is a large, red, commercial truck with a white stripe on the side, and the pedestrian is a young adult male. The impact is"
  },
  "./VRU_videos/DoTA/VRU_8.mp4": {
    "pred": "The video depicts a winter scene with a snow-covered road and a car driving on the right side of the road. The car is moving at a moderate speed, approaching a pedestrian who is walking on the left side of the road. The pedestrian, dressed in a dark jacket and pants, is walking in the same direction as the car, but suddenly stops and turns to face the car. The car's trajectory changes as it slows down to avoid a collision, and the pedestrian's posture changes from walking to standing still. The car's speed decreases significantly as it approaches the pedestrian, and the pedestrian's movements are halted. The collision occurs when the car's front bumper makes contact with the pedestrian's back, causing the pedestrian to fall to the ground. The weather conditions are cold and snowy, and the road is a two-way"
  },
  "./VRU_videos/DoTA/VRU_9.mp4": {
    "pred": "The video depicts a winter scene with a snowy road and a pedestrian wearing a black jacket and black pants walking on the sidewalk. A white van with a green logo on the side and a red light on the back is driving on the road. The van is approaching the pedestrian from behind, and the pedestrian is walking towards the van. The van's speed is moderate, and the pedestrian is walking at a steady pace. The van driver is wearing a white jacket and black pants. The van driver makes a sudden stop, and the pedestrian stops as well, but the van stops too quickly, causing the pedestrian to fall onto the road. The van's trajectory is straight and the pedestrian's movement is linear. The van's speed is moderate, and the pedestrian's speed is steady. The collision is sudden and unexpected, with the van stopping"
  },
  "./VRU_videos/DoTA/VRU_10.mp4": {
    "pred": "The video depicts a severe traffic accident that occurred on a snowy day in a city. The scene is captured from the perspective of a car's dashboard camera, providing a first-person view of the incident. The road is covered in snow, indicating that the weather conditions were challenging for both drivers and pedestrians. The car in the foreground is a black sedan, and it is seen approaching a crosswalk where a pedestrian is waiting to cross the street. The pedestrian, dressed in a black jacket and pants, is positioned on the left side of the frame, seemingly preparing to cross the road. As the car approaches, the pedestrian suddenly changes direction and starts walking towards the right side of the frame, away from the car. The car's speed is moderate, and it appears to be following the pedestrian's movement. However, the pedestrian's trajectory is unpredict"
  },
  "./VRU_videos/DoTA/VRU_11.mp4": {
    "pred": "The video depicts a nighttime scene on a two-lane highway with a clear sky and no visible traffic. A car, traveling at a moderate speed, is approaching a pedestrian who is standing on the side of the road. The pedestrian, dressed in dark clothing and wearing a backpack, is facing away from the camera, seemingly waiting to cross the road. As the car approaches, the pedestrian suddenly turns and begins to walk towards the oncoming vehicle, creating a potential collision scenario. The car driver, wearing a white shirt, reacts by braking and swerving to the right to avoid the pedestrian, but the pedestrian continues to walk towards the vehicle, leading to a head-on collision. The impact is severe, causing the car to veer off the road and collide with a guardrail on the right side. The pedestrian is thrown onto the hood of the car"
  },
  "./VRU_videos/DoTA/VRU_12.mp4": {
    "pred": "The video depicts a traffic collision that occurs at an intersection in a city. The weather appears to be clear and sunny, with no visible rain or snow. The road is a paved city street, and the vehicles are a mix of cars and a truck. The cars are a variety of colors and models, including a white car, a black car, and a red car. The truck is large and appears to be a commercial vehicle. The pedestrians are dressed in casual clothing, with some wearing backpacks and one carrying a handbag. \n\n\nAs the video begins, a white car is seen approaching the intersection from the left side, moving at a moderate speed. The truck is also approaching from the left, moving at a faster speed. The pedestrians are crossing the street, with some walking and others standing on the sidewalk. The white car is closer to the camera, while the truck is"
  },
  "./VRU_videos/DoTA/VRU_13.mp4": {
    "pred": "The video depicts a car crash that occurred on a cloudy day in an urban setting. The road is a two-way street with a concrete surface, and the vehicles are primarily cars and a truck. The car in the foreground is a black sedan, while the car in the background is a white sedan. The black sedan is moving at a high speed, possibly in excess of 50 mph, and is approaching the white sedan from the left side. The white sedan is stationary, parked on the side of the road. The black sedan driver is wearing a black jacket and appears to be in a hurry, as evidenced by their aggressive driving behavior. The pedestrian, a man in a red jacket, is walking on the sidewalk adjacent to the white sedan. As the black sedan approaches, the pedestrian suddenly crosses the road, seemingly without looking, and the car crashes into the white sedan."
  },
  "./VRU_videos/DoTA/VRU_14.mp4": {
    "pred": "The video depicts a car crash that occurred on a snowy day in a city street. The car, which is a silver sedan, was traveling at a high speed and approaching a pedestrian crossing. The pedestrian, who was wearing a black jacket and black pants, was crossing the street from the left sidewalk to the right sidewalk. As the car approached, the pedestrian suddenly stopped and turned around, facing the car. The car's trajectory was towards the pedestrian, and the driver's speed was high. The pedestrian's behavior changed from walking to standing still, and then to turning around to face the car. The collision occurred when the car was almost upon the pedestrian, resulting in a severe impact. The car's speed was too high for the pedestrian to react in time, and the trajectory was not adjusted in time to avoid the collision. The pedestrian'"
  },
  "./VRU_videos/DoTA/VRU_15.mp4": {
    "pred": "The video depicts a nighttime scene on a city street with a clear sky and a few scattered clouds. A large bus is driving down the road, moving at a moderate speed, and the driver is wearing a black shirt and dark pants. The bus is on the right side of the road, approaching from the left side of the frame. A pedestrian, dressed in a white shirt and dark pants, is crossing the street from the left side to the right side. The pedestrian is in the middle of the road, and suddenly stops and turns around, facing the bus. The bus driver notices the pedestrian and slows down, but the pedestrian continues to walk towards the bus. The bus driver then makes a sudden stop, and the pedestrian is hit by the bus. The impact is severe, causing the pedestrian to fall to the ground. The bus driver appears to be in shock and is not moving"
  },
  "./VRU_videos/DoTA/VRU_16.mp4": {
    "pred": "The video depicts a serious traffic accident that occurred on a clear day with a sunny sky. The road is a two-lane highway, and the vehicles involved are a black car and a white van. The black car is seen approaching the white van from behind, moving at a high speed, and the van is stationary. The driver of the black car is wearing a blue shirt and appears to be in a hurry, as evidenced by their aggressive driving behavior. The van driver, a woman, is wearing a white shirt and is seen walking towards the road, possibly to cross it. As the black car gets closer, the driver suddenly brakes and swerves to avoid hitting the woman, but the van driver is not quick enough to react and is struck by the car. The impact is severe, causing the van to be pushed off the road and onto the side. The black car comes to a stop, and the driver is vis"
  },
  "./VRU_videos/DoTA/VRU_17.mp4": {
    "pred": "The video depicts a nighttime scene on a two-lane road with a clear sky and a few scattered clouds. A car is seen approaching a pedestrian crossing from behind, moving at a moderate speed. The pedestrian, dressed in dark clothing and carrying a backpack, is crossing the road from the left side to the right side. As the car approaches, the pedestrian suddenly stops and turns around, facing the oncoming vehicle. The car's driver, wearing a white shirt, notices the pedestrian's change in direction and slows down, but the pedestrian continues to walk towards the car. The car driver then accelerates, and the pedestrian moves towards the car, causing a collision. The impact is severe, with the pedestrian's body being thrown onto the hood of the car. The car's trajectory is from the left side of the road to the right, and the"
  },
  "./VRU_videos/DoTA/VRU_18.mp4": {
    "pred": "The video depicts a serious traffic collision that occurred on a city street on a cloudy day. The scene is dominated by a yellow car, which is seen approaching a pedestrian from behind. The pedestrian, dressed in a black jacket and pants, is walking on the sidewalk, seemingly in a hurry. As the car approaches, the pedestrian suddenly turns around and walks into the street, seemingly without looking back. The car's trajectory is towards the pedestrian, and the driver's speed appears to be high. The pedestrian's movement is unpredictable, as they abruptly change direction and walk into the path of the car. The impact is severe, causing the pedestrian to fall onto the ground, and the car to stop abruptly. The collision is a clear example of a pedestrian-vehicle collision, with the pedestrian's actions contributing"
  },
  "./VRU_videos/DoTA/VRU_19.mp4": {
    "pred": "The video depicts a serious car crash that occurred on a two-lane road with a clear sky and dry pavement. A white car, traveling at a high speed, was approaching a pedestrian who was crossing the road from the right side. The pedestrian, wearing a white shirt and black pants, was in the middle of the road, and as the car got closer, they started to move towards the left side of the road. The white car's trajectory was towards the pedestrian, and the driver's speed was high, indicating a potential lack of attention or reckless driving. The pedestrian's movement was unpredictable, as they were not following the standard traffic rules, and their posture was not clear. The collision was sudden and violent, resulting in the pedestrian falling onto the road, and the white car hitting them. The impact was severe, causing the pedestrian to lose balance and fall"
  },
  "./VRU_videos/DoTA/VRU_20.mp4": {
    "pred": "The video depicts a winter scene with a car driving on a snowy road, surrounded by a cityscape. The car is a dark-colored sedan, and it is moving at a moderate speed, approaching a pedestrian who is crossing the street. The pedestrian is wearing a bright yellow jacket and a black hat, and is walking in a straight line across the road. As the car approaches, the pedestrian suddenly stops and turns to the left, possibly to avoid the oncoming vehicle. The car's trajectory changes as it slows down to avoid a collision, and the pedestrian's posture becomes more cautious. The final impact is a gentle bump, with the car's front bumper making contact with the pedestrian's back. The weather conditions are cold and snowy, and the road is covered in a layer of snow, making it slippery. The cityscape"
  },
  "./VRU_videos/DoTA/VRU_21.mp4": {
    "pred": "The video depicts a wintery scene on a two-lane road with a light dusting of snow, which is partially covered by a layer of ice. The road is surrounded by a rural landscape with a few scattered trees and buildings in the distance. A car, moving at a moderate speed, is approaching from the left lane, while a pedestrian is crossing the road from the right side. The pedestrian, dressed in a dark jacket and pants, is seen walking towards the left side of the road, seemingly intending to cross it. As the car approaches, the pedestrian suddenly stops and turns around, facing the oncoming vehicle. The car's trajectory is slightly to the right of the pedestrian's path, and the driver appears to be slowing down to avoid a collision. However, the pedestrian's sudden change in direction causes the car to swerve to the left, resulting in a head"
  },
  "./VRU_videos/DoTA/VRU_22.mp4": {
    "pred": "The video depicts a nighttime scene on a two-lane road with a clear sky and no visible precipitation. A car is traveling at a moderate speed, approaching a pedestrian who is crossing the road from the right side. The pedestrian is wearing dark clothing and appears to be in a hurry, possibly running or jogging, as they are not walking at a leisurely pace. The car's trajectory suggests that it is moving at a moderate speed, and the driver is likely following the pedestrian's movement. As the car gets closer, the pedestrian suddenly stops and turns their back towards the car, possibly to avoid being hit. The driver of the car brakes and turns the vehicle to the right to avoid a collision, but the pedestrian continues to move in the same direction, leading to a head-on collision. The impact is severe, with the car's front end crum"
  },
  "./VRU_videos/DoTA/VRU_23.mp4": {
    "pred": "The video depicts a serious traffic accident involving a man and a car. The man, who is wearing a blue shirt and jeans, is seen walking on the side of the road, possibly in a drunken state, and is in the process of crossing the street. He is hit by a car that is traveling at a high speed, possibly due to the driver's reckless behavior. The car's trajectory suggests that it was moving at a high speed, and the driver's actions were likely to blame for the collision. The man falls onto the ground, indicating a significant impact. The weather appears to be clear, and the road is a paved city street. The car is a white sedan, and the man is lying on the ground, possibly injured. The collision appears to have occurred in the middle of the day, and the man's posture suggests he was not prepared for the impact. The video highlights the dangers"
  },
  "./VRU_videos/DoTA/VRU_24.mp4": {
    "pred": "The video depicts a nighttime scene on a city street where a car is driving down the road. The car is moving at a moderate speed, and the driver appears to be focused on the road ahead. A pedestrian is crossing the street, wearing dark clothing and carrying a bag. The pedestrian is in the middle of the road, and their posture suggests they are in the process of crossing. The car is approaching the pedestrian from behind, and the driver's trajectory indicates they are intending to pass the pedestrian. However, the pedestrian suddenly stops and turns around, causing the car to collide with them. The impact is severe, and the car comes to a halt. The pedestrian is thrown onto the hood of the car, and the driver is visibly shaken. The street is lined with buildings, and the weather appears to be clear and dry. The car is a small sedan,"
  },
  "./VRU_videos/DoTA/VRU_25.mp4": {
    "pred": "The video depicts a car crash that occurred on a snowy day. The scene is set in a parking lot with a building in the background. The car involved in the crash is a white sedan, and it appears to be in motion, moving towards the right side of the frame. The pedestrian, who is wearing a red jacket, is walking towards the left side of the frame. As the car approaches, the pedestrian suddenly stops and turns around, facing the car. The car's trajectory suggests that it was moving at a moderate speed, possibly accelerating slightly as it approached the pedestrian. The pedestrian's posture changes from walking to standing still, indicating a sudden halt in their movement. The collision occurs when the car's front end makes contact with the pedestrian's back, causing the pedestrian to be pushed backward. The force of the impact is evident in the pedestrian'"
  },
  "./VRU_videos/DoTA/VRU_26.mp4": {
    "pred": "The video depicts a car crash that occurred on a rainy day in a European city. The scene is set on a wide, wet road with a sidewalk on the left side. The car, a black sedan, is seen approaching from the left side of the frame, moving at a moderate speed. The driver, a man wearing a black jacket and a white shirt, is seen looking to his left, possibly checking for oncoming traffic or pedestrians. As the car reaches the crosswalk, a man in a black jacket and white pants steps onto the road from the sidewalk, seemingly unaware of the car's approach. The driver, noticing the pedestrian's sudden appearance, brakes abruptly, causing the car to skid to the right. The pedestrian, not prepared for the sudden stop, stumbles and falls onto the road, and the car comes to a halt. The driver"
  },
  "./VRU_videos/DoTA/VRU_27.mp4": {
    "pred": "The video depicts a serious traffic accident that occurred on a clear day with a dry road surface. A car, moving at a moderate speed, was approaching a pedestrian who was crossing the street. The pedestrian, dressed in casual attire and carrying a backpack, was in the process of crossing the road when the car struck them. The car's trajectory was straight and uninterrupted, indicating that the driver was focused on the road ahead. The pedestrian's movement was sudden and unexpected, as they were not following any traffic rules or signals. The collision was a direct hit, with the car's front end making contact with the pedestrian's body. The impact was severe, causing the pedestrian to fall to the ground and the car to come to a halt. The video does not provide any further information about the cause of the accident or the actions of the pedestrian before the collision."
  },
  "./VRU_videos/DoTA/VRU_28.mp4": {
    "pred": "The video depicts a city street scene where a green bus is driving down the road, approaching a pedestrian crossing. The bus is in motion, moving from the left side of the frame towards the right, and the pedestrian is standing on the sidewalk, facing away from the bus. The weather appears to be cold, with a clear sky and no visible precipitation. The road is a two-way street with a sidewalk on the right side. The bus is a public transport vehicle, and the pedestrian is dressed in winter clothing, wearing a coat and a hat. The bus driver is wearing a uniform and appears to be focused on the road ahead. The pedestrian is carrying a bag and seems to be waiting to cross the street. As the bus approaches, the pedestrian begins to move towards the road, crossing it. The bus driver notices the pedestrian's movement and slows down, but the pedest"
  },
  "./VRU_videos/DoTA/VRU_29.mp4": {
    "pred": "The video depicts a winter scene on a snowy road where a car is driving down the street. The car is white and appears to be moving at a moderate speed. A pedestrian, dressed in a black jacket and hat, is crossing the street from the right side. The pedestrian is in the middle of the road, and the car is approaching from the left side. The car's trajectory is towards the pedestrian, and the pedestrian is moving towards the car. The car's speed is not high, but it is fast enough to cause a collision. The pedestrian's movement is sudden and unexpected, as they stop and turn towards the car, possibly to avoid a collision. The car's speed is not high enough to cause a severe impact, but it is fast enough to cause a minor collision. The pedestrian's posture is not aggressive, but rather defensive, as they turn"
  },
  "./VRU_videos/DoTA/VRU_30.mp4": {
    "pred": "The video depicts a winter scene with a snowy road and a pedestrian in a white jacket crossing the street. A black car is seen approaching from the left side of the frame, moving at a moderate speed. The pedestrian, who is wearing a white jacket, is seen walking across the street, and as the car approaches, the pedestrian suddenly stops and turns around, facing the car. The car's trajectory is towards the pedestrian, and the driver appears to be slowing down to avoid a collision. The pedestrian's posture changes from walking to standing still, and then to running towards the car, possibly in an attempt to avoid the collision. The car's speed is reduced significantly as it approaches the pedestrian, and the driver's movements indicate a cautious approach. The pedestrian's sudden change in behavior suggests a last-minute attempt to avoid the collision, and"
  },
  "./VRU_videos/DoTA/VRU_31.mp4": {
    "pred": "The video depicts a winter scene on a snowy road where a car is driving towards a pedestrian who is walking on the sidewalk. The car is moving at a moderate speed, and the pedestrian is walking in the same direction, but suddenly stops and turns towards the car. The car's trajectory is towards the pedestrian, and the pedestrian's posture suggests they are not expecting the car's approach. The collision occurs as the pedestrian turns, and the car's speed is not high enough to cause severe injury. The weather conditions are cold and snowy, with the road covered in snow, and the pedestrian is dressed in warm clothing. The car is a standard sedan, and the pedestrian appears to be a woman. The car's driver is wearing a black jacket and seems to be focused on the road ahead. The collision is a minor one, with the car stopping quickly"
  },
  "./VRU_videos/DoTA/VRU_32.mp4": {
    "pred": "The video depicts a car crash that occurred on a city street during the daytime. The weather appears to be cold and overcast, with a light drizzle falling, which can be inferred from the wet road conditions. The road is a two-way street with parked cars on both sides, and there are buildings in the background. The car involved in the crash is a small, black sedan, and it is moving at a high speed, possibly in excess of 30 mph, as indicated by the timestamp. The pedestrian, a man wearing a black jacket and a white shirt, is crossing the street from the left sidewalk towards the right side of the road. He is in the middle of the street, and his posture suggests that he is in motion, possibly running or walking quickly. The car is approaching from the right side of the frame, and the driver is not visible in the video. The car's trajectory"
  },
  "./VRU_videos/DoTA/VRU_33.mp4": {
    "pred": "The video depicts a nighttime scene on a city street with a clear sky and a full moon, illuminating the scene. A car is driving on the right side of the road, approaching a pedestrian who is crossing the street from the left side. The car is moving at a moderate speed, and the driver appears to be focused on the road ahead. The pedestrian, dressed in dark clothing, is crossing the street in a straight line, seemingly unaware of the oncoming vehicle. As the car approaches, the pedestrian suddenly stops and turns to the left, possibly to avoid the vehicle. The driver of the car reacts quickly, swerving to the left to avoid a collision. However, the pedestrian's sudden movement causes the car to veer off course, and the vehicle hits the pedestrian, resulting in a severe impact. The pedestrian's posture suggests they were not prepared for the car"
  },
  "./VRU_videos/DoTA/VRU_34.mp4": {
    "pred": "The video depicts a snowy road scene where a white car is driving on the right side of the road, approaching a pedestrian who is walking on the left side. The pedestrian, dressed in a black jacket and pants, is seen walking towards the car. The car is moving at a moderate speed, and the pedestrian is walking at a similar pace. As the car gets closer, the pedestrian suddenly stops and turns to face the car, possibly indicating a change in their direction or intention. The car's trajectory remains unchanged, and the pedestrian's posture suggests they are preparing to cross the road. The collision occurs when the car reaches the pedestrian, who is now facing the car, and the pedestrian falls to the ground. The car's speed is consistent with the pedestrian's pace, and there is no indication of sudden acceleration or deceleration. The weather"
  },
  "./VRU_videos/DoTA/VRU_35.mp4": {
    "pred": "The video depicts a traffic collision between a green and white bus and a pedestrian. The bus is driving on a paved road with a clear sky overhead, and the pedestrian is crossing the street from the left sidewalk. The bus is moving at a moderate speed, approaching the pedestrian from the right side. The pedestrian, wearing a black uniform and a cap, is seen walking towards the bus, but suddenly stops and turns around, facing the opposite direction. The bus driver, wearing a red shirt, notices the pedestrian's change in direction and slows down, but the pedestrian continues to walk towards the bus. The bus driver then makes a sudden stop, and the pedestrian runs towards the bus, causing a collision. The impact is severe, with the pedestrian falling onto the hood of the bus. The bus driver appears to have been unable to stop in time to avoid the collision"
  },
  "./VRU_videos/DoTA/VRU_36.mp4": {
    "pred": "The video depicts a serious traffic accident that occurred on a city street. The scene is set in a residential area with tall buildings in the background. The weather appears to be clear and sunny, with no visible rain or snow. The road is paved and appears to be a two-way street. \n\n\nA man, dressed in a black jacket and a white shirt, is seen walking on the sidewalk, carrying a black bag. He is wearing a hat and seems to be in a hurry, possibly rushing to catch a bus or reach his destination. He crosses the street at a crosswalk, but the traffic light is red. \n\n\nA white van is approaching from the opposite direction, driving at a high speed, and the driver is not wearing a seatbelt. The van is in the right lane, and the man is in the left lane. The van driver does not stop or slow down"
  },
  "./VRU_videos/DoTA/VRU_37.mp4": {
    "pred": "The video depicts a car crash that occurred on a sunny day with clear visibility. The road is a two-lane highway, and the vehicles involved are a car and a pedestrian. The car is a silver sedan, and the pedestrian is wearing a white shirt and dark pants. The car is traveling at a moderate speed, approaching the pedestrian from behind, who is walking on the right side of the road. The pedestrian suddenly turns to the left, and the car follows suit, moving into the same direction. The car's trajectory is consistent with the pedestrian's movement, indicating a collision is imminent. The pedestrian's posture changes from walking to a sudden stop, and the car's speed increases as it approaches the pedestrian. The impact is a head-on collision, resulting in the car hitting the pedestrian from behind. The pedestrian is knock"
  },
  "./VRU_videos/DoTA/VRU_38.mp4": {
    "pred": "The video depicts a serious traffic accident on a city street. The scene is set in the daytime under clear skies, with the sun shining brightly and casting shadows on the road. The road is a four-lane divided highway with a concrete surface, typical of urban settings. A black car is driving on the right lane, moving at a moderate speed, and appears to be following a white car ahead. The white car is driving in the left lane, also at a moderate speed, and is slightly ahead of the black car. A pedestrian is crossing the road from the right sidewalk to the left sidewalk, wearing casual clothing and carrying a backpack. As the black car approaches, the pedestrian suddenly stops and turns to the left, possibly to avoid the oncoming vehicle. The black car, unable to stop in time, collides with the pedestrian, causing a severe impact. The pedestrian"
  },
  "./VRU_videos/DoTA/VRU_39.mp4": {
    "pred": "The video depicts a traffic accident involving a black car and a pedestrian. The car, moving at a high speed, is seen approaching the pedestrian from behind. The pedestrian, wearing a white shirt and black pants, is crossing the street at a crosswalk. The car's trajectory is towards the pedestrian, and the vehicle's speed is high enough to cause the pedestrian to stumble and fall. The car's driver, wearing a red shirt, is seen accelerating towards the pedestrian, indicating a lack of reaction time or awareness of the pedestrian's presence. The pedestrian's posture changes from standing to falling, indicating a sudden loss of balance and control. The collision occurs as the car hits the pedestrian, causing the pedestrian to fall onto the ground. The road is a city street with buildings on both sides, and the weather appears"
  },
  "./VRU_videos/DoTA/VRU_40.mp4": {
    "pred": "The video depicts a car crash that occurred on a clear day with a sunny sky. The road is a two-lane highway with a concrete surface. The car involved in the crash is a white sedan, and it appears to be in motion, traveling at a moderate speed. The driver of the car is wearing a white shirt and black pants. As the car approaches the intersection, a pedestrian is crossing the road from the left sidewalk. The pedestrian is wearing a black jacket and is in the process of crossing the street. The car's trajectory is towards the pedestrian, and the driver's posture suggests they are prepared to stop. However, the pedestrian suddenly changes direction and starts walking towards the right side of the road, away from the car. The car's speed is not high enough to cause a severe impact, but the driver's attempt to stop is too late, resulting in"
  },
  "./VRU_videos/DoTA/VRU_41.mp4": {
    "pred": "The video depicts a traffic accident that occurred on a city street. The scene is set on a sunny day with clear visibility. The road is a two-way street, and the vehicles are primarily cars and a truck. The traffic light is red, indicating that the vehicles are stopped. A man is seen crossing the street, wearing a white shirt and black pants, and he appears to be in motion, walking towards the oncoming traffic. The vehicles are stopped, waiting for the pedestrian to cross. The man suddenly stops and turns around, facing the oncoming traffic. The car in the front, a silver sedan, starts moving forward, and the man is hit by the car. The impact is severe, causing the man to fall to the ground. The car's trajectory is towards the pedestrian, and the speed of the car is not specified, but it is evident that the driver did not stop in time to avoid the collision."
  },
  "./VRU_videos/DoTA/VRU_42.mp4": {
    "pred": "The video depicts a car crash that occurred on a rainy day. The scene is set on a residential street with houses and trees lining the sides. The car involved in the crash is a black sedan, and it appears to be in motion, driving on the right side of the road. The car is seen approaching a pedestrian who is crossing the street from the left side. The pedestrian is wearing a white shirt and black pants, and they are in the middle of crossing the road. The car's trajectory suggests that it was moving at a moderate speed, and the driver's actions indicate that they were not paying attention to the pedestrian. The pedestrian, who is wearing a white shirt and black pants, is seen walking in the middle of the road, and their posture suggests that they were not prepared for the car's approach. The collision occurs when the car hits the pedest"
  },
  "./VRU_videos/DoTA/VRU_43.mp4": {
    "pred": "The video depicts a nighttime scene on a city street, where a car is traveling at a high speed, approaching a pedestrian who is walking on the sidewalk. The car's trajectory suggests that it is moving at a high rate of speed, possibly in excess of 50 km/h, as it is seen accelerating towards the pedestrian. The pedestrian, dressed in dark clothing, is walking in the opposite direction of the car's movement, and appears to be crossing the street. As the car approaches, the pedestrian suddenly stops and turns around, facing the oncoming vehicle. The car's driver, wearing a white shirt, is seen braking suddenly to avoid a collision with the pedestrian. The impact is a glancing blow, with the car's front bumper making contact with the pedestrian's back. The pedestrian is thrown onto the hood of the"
  },
  "./VRU_videos/DoTA/VRU_44.mp4": {
    "pred": "The video depicts a serious traffic accident that occurred on a clear day with a sunny sky. The road is a two-lane highway, and the vehicles involved are a white van and a black car. The white van is driving on the right lane, while the black car is in the left lane. The van is moving at a moderate speed, and the car is following closely behind. The van driver is wearing a white shirt and black pants, while the car driver is in a black shirt and white pants. As the van approaches the car, the driver suddenly stops, causing the car to collide with the van's rear. The car driver, a woman, is wearing a black shirt and black pants, and she is seen running towards the van after the collision. The van driver is wearing a white shirt and black pants, and she is seen running away from the car. The impact of the collision is"
  },
  "./VRU_videos/DoTA/VRU_45.mp4": {
    "pred": "The video depicts a serious traffic accident involving a motorcycle and a pedestrian. The scene unfolds on a sunny day with clear visibility, as the motorcycle, traveling at a high speed, approaches the pedestrian who is crossing the street. The motorcyclist is wearing a helmet and a jacket, indicating a focus on safety. The pedestrian, a man, is seen walking across the street, seemingly in a hurry, with his back turned to the oncoming motorcycle. As the motorcycle nears, the pedestrian suddenly stops and turns around, but it's too late. The motorcyclist, unable to stop in time, collides with the pedestrian, causing both to fall to the ground. The impact is severe, with the motorcycle's front wheel crushing the pedestrian's legs, and the pedestrian's body slamming into the pavement"
  },
  "./VRU_videos/DoTA/VRU_46.mp4": {
    "pred": "The video depicts a nighttime scene on a city street where a car is traveling at high speed, approaching a pedestrian who is crossing the road. The car's trajectory suggests that the driver was not paying attention to the pedestrian, who is wearing dark clothing and appears to be in the middle of the road. The car's speed is high, indicating a lack of caution or adherence to traffic rules. The pedestrian, who is wearing dark clothing, is seen walking in the middle of the road, seemingly unaware of the approaching vehicle. The car's driver is not seen, but the vehicle's headlights are on, illuminating the scene. The road is a two-way street with multiple lanes, and the surrounding area is dimly lit, with streetlights casting a glow on the wet road surface. The pedestrian's posture is relaxed"
  },
  "./VRU_videos/DoTA/VRU_47.mp4": {
    "pred": "The video depicts a traffic accident involving a car and a bus on a rainy day. The car, which is a dark-colored sedan, is seen approaching the bus from the right side of the road. The bus is a large, white, public transit bus with a red stripe running along its side. The car is moving at a moderate speed, and the driver is wearing a black jacket and appears to be in a relaxed posture. As the car gets closer to the bus, the driver suddenly accelerates, causing the car to speed up and cross the yellow line. The bus driver, wearing a white shirt, notices the car's approach and attempts to slow down by applying the brakes, but the car's speed is too high, and the driver loses control. The car crashes into the bus, causing it to spin and come to a stop. The car's trajectory is from the right side of"
  },
  "./VRU_videos/DoTA/VRU_48.mp4": {
    "pred": "The video depicts a severe traffic collision that occurred at an intersection. The scene is set in a city with tall buildings and a clear sky overhead. The road is a four-lane divided street with a crosswalk, and the vehicles are primarily cars and a bus. The weather appears to be cold, with no visible rain or snow. \n\n\nA car is seen approaching the intersection from the left lane, moving at a moderate speed, and the driver is wearing a black jacket and appears to be focused on the road. The car is in the right lane, and the driver is making a right turn. \n\n\nA pedestrian is crossing the street from the left sidewalk to the right sidewalk, wearing a white jacket and carrying a black bag. The pedestrian is in the middle of the crosswalk, and their posture suggests they are in motion. \n\n\nAs the car approaches the crosswalk,"
  },
  "./VRU_videos/DoTA/VRU_49.mp4": {
    "pred": "The video depicts a traffic collision between a car and a pedestrian on a city street. The weather appears to be clear and sunny, with no visible rain or snow. The road is a paved city street with a clear lane for vehicles and a crosswalk for pedestrians. The car is a silver sedan, and the pedestrian is a man wearing a black jacket and a white shirt. The car is traveling at a moderate speed, approaching the crosswalk from the right side of the frame. The pedestrian is crossing the street from the left side, moving towards the right side of the frame. As the car approaches the crosswalk, the pedestrian stops and turns to face the car, indicating that he is aware of the vehicle's presence. The car's trajectory is straight and unwavering, and the pedestrian's movement is steady and predictable. The collision occurs when the"
  },
  "./VRU_videos/DoTA/VRU_50.mp4": {
    "pred": "The video depicts a snowy city street scene where a car is driving down the road, approaching a pedestrian who is walking on the sidewalk. The car is moving at a moderate speed, and the pedestrian is walking in the same direction, but suddenly stops and turns around, facing the car. The car's trajectory is straight and steady, and the driver is wearing a black jacket. The pedestrian is dressed in a white jacket and black pants, and their posture suggests they are about to cross the road. The car's speed is approximately 20 km/h, and the pedestrian's movement is abrupt, indicating a sudden change in direction. The collision occurs when the pedestrian turns around, and the car's trajectory is altered to avoid hitting them. The pedestrian's posture changes from walking to facing the car, and the car's speed is reduced"
  },
  "./VRU_videos/DoTA/VRU_51.mp4": {
    "pred": "The video depicts a serious traffic accident that occurred on a city street on a cloudy day. The scene is captured from the perspective of a car's dashboard camera, providing a first-person view of the incident. A white car is seen approaching a pedestrian crossing, moving at a moderate speed. The pedestrian, dressed in casual attire and carrying a backpack, is crossing the street from the left side to the right side. As the car approaches, the pedestrian suddenly stops and turns around, facing the oncoming vehicle. The driver of the white car, noticing the pedestrian's sudden change in direction, brakes and slows down, but the pedestrian continues to walk towards the car. The car driver then accelerates, attempting to avoid a collision. However, the pedestrian does not move out of the way and the car crashes into the pedestrian, causing a significant impact. The pedest"
  },
  "./VRU_videos/DoTA/VRU_52.mp4": {
    "pred": "The video depicts a car crash that occurred on a city street during the daytime. The weather appears to be clear and sunny, with no visible rain or snow. The road is a two-way street with a paved surface. The car involved in the crash is a silver sedan, and it is seen approaching the intersection from the right side of the frame. The driver of the car is wearing a black jacket and appears to be in a state of distraction, as they are looking down at their phone instead of focusing on the road. The pedestrian, a woman wearing a blue jacket and carrying a black purse, is crossing the street from the left side of the frame. She is walking in a straight line, seemingly unaware of the approaching car. As the car gets closer, the driver looks up and notices the pedestrian, but it is too late to avoid a collision. The car's trajectory is a"
  },
  "./VRU_videos/DoTA/VRU_53.mp4": {
    "pred": "The video depicts a traffic collision between a car and a motorcycle on a clear day with a dry road surface. The car, a silver sedan, is traveling at a moderate speed and is positioned in the right lane of the two-lane road. The motorcycle, ridden by a person wearing a black jacket and helmet, is approaching from the left lane at a higher speed, possibly exceeding the speed limit. The motorcyclist makes a sudden turn to the right, attempting to cross the center line, but the car driver does not yield and maintains their lane. The car driver brakes suddenly, causing the motorcyclist to lose balance and fall off the motorcycle. The motorcycle falls onto the right side of the road, and the car comes to a stop. The motorcyclist is seen lying on the ground, possibly injured, while the car remains stationary. The collision is a result of the"
  },
  "./VRU_videos/DoTA/VRU_54.mp4": {
    "pred": "The video depicts a nighttime scene on a city street with a green traffic light illuminating the area. A car is seen approaching the intersection from the left, moving at a moderate speed, and the driver appears to be focused on the road ahead. A pedestrian is crossing the street from the right side, wearing dark clothing and seems to be in the middle of the crosswalk. As the car approaches, the pedestrian suddenly stops and turns to the left, possibly to avoid the oncoming vehicle. The driver of the car reacts quickly, slowing down and making a right turn to avoid a collision. The pedestrian's posture changes from walking to a halt, and they appear to be looking at the car before turning. The car driver's speed is reduced significantly, and the trajectory is altered to avoid the pedestrian. The pedestrian's movement is unpredictable, and their posture changes from"
  },
  "./VRU_videos/DoTA/VRU_55.mp4": {
    "pred": "The video depicts a motorcycle collision that occurred on a city street. The weather appears to be clear and sunny, with no visible rain or snow. The road is a two-way street with multiple lanes, and the vehicles are primarily cars and motorcycles. The motorcyclist, wearing a blue jacket and helmet, is seen approaching the intersection from the right side of the road. As the motorcyclist approaches, the pedestrian, dressed in a black jacket and white pants, is crossing the street from the left side. The motorcyclist is riding at a moderate speed, and the pedestrian is walking at a steady pace. The motorcyclist slows down as they approach the intersection, and the pedestrian stops to wait for the traffic light to change. However, the pedestrian suddenly starts walking again, causing the motorcyclist to swerve to avoid a collision."
  },
  "./VRU_videos/DoTA/VRU_56.mp4": {
    "pred": "The video depicts a serious traffic accident involving a motorcycle and a car. The scene is set in a busy street with multiple buildings in the background, suggesting an urban environment. The weather appears to be clear and sunny, with no visible rain or snow. The road is paved, indicating it is a tarmac or asphalt surface. \n\n\nA motorcyclist, wearing a helmet and riding a black motorcycle, is seen approaching the intersection from the left side of the frame. The motorcyclist is riding at a moderate speed, possibly around 30-40 mph, and is positioned in the right lane of the road. The motorcyclist is in motion, moving towards the intersection.\n\n\nOn the right side of the frame, a car is seen approaching the intersection from the right. The car is a small, compact model, possibly a hatchback, and is"
  },
  "./VRU_videos/DoTA/VRU_57.mp4": {
    "pred": "The video depicts a traffic collision between a motorcycle and a pedestrian on a two-lane road. The weather appears to be clear and sunny, with no visible rain or snow. The road is a two-lane highway with a clear, dry surface. The motorcycle is a black and silver model, and the pedestrian is wearing a white shirt and dark pants. The motorcycle is traveling at a high speed, approaching the pedestrian from behind, who is walking on the right side of the road. As the motorcycle approaches, the pedestrian suddenly turns to the left, possibly to cross the road. The motorcycle driver brakes to avoid a collision, but the pedestrian does not stop, and the motorcycle hits the pedestrian from behind. The impact is severe, causing the pedestrian to fall to the ground and the motorcycle to skid. The pedestrian's posture suggests they"
  },
  "./VRU_videos/DoTA/VRU_58.mp4": {
    "pred": "The video depicts a serious traffic collision between a car and a bicyclist. The car, moving at a high speed, is seen approaching the bicyclist from behind. The bicyclist, wearing a black jacket and helmet, is riding on the right side of the road, facing away from the car. As the car gets closer, the bicyclist suddenly turns to the left, possibly to avoid the collision. However, the car's trajectory is unchanged, and the bicyclist is unable to evade the impact. The collision results in the bicyclist falling onto the road, and the car comes to a halt. The weather appears to be clear and sunny, with a dry road surface. The road is a two-lane, paved street with a clear view of the surrounding area. The car is a small, white sedan, and the bicyclist is a young man."
  },
  "./VRU_videos/DoTA/VRU_59.mp4": {
    "pred": "The video depicts a nighttime scene on a two-lane road with a clear sky and no visible traffic. A car is approaching from the left side of the frame, moving at a moderate speed, and the driver is wearing a dark-colored shirt. The car's headlights are on, illuminating the road ahead. As the car approaches, a pedestrian is seen walking on the right side of the road, wearing a white shirt and dark pants. The pedestrian appears to be crossing the road, possibly mid-stride, and is not using a designated crosswalk. The car's trajectory suggests it is following the pedestrian's path, and the driver's attention seems to be focused on the pedestrian. The car's speed is not excessive, and the driver's movements are consistent with a typical driving pace. The pedestrian's posture is relaxed"
  },
  "./VRU_videos/DoTA/VRU_60.mp4": {
    "pred": "The video depicts a serious car crash that occurred on a busy city street. The scene is captured from the perspective of a car's dashboard camera, providing a first-person view of the incident. The weather appears to be clear and sunny, with no visible rain or snow. The road is a multi-lane highway with a mix of cars and pedestrians. The vehicles are predominantly white, with some black and silver accents, and the pedestrians are dressed in casual attire. The car's speed is moderate, and it is approaching a pedestrian crossing. The pedestrian is seen walking across the road, seemingly oblivious to the oncoming traffic. As the car approaches, the pedestrian suddenly stops and turns around, possibly to face the oncoming traffic. The car's trajectory changes as it slows down to avoid a collision, but the pedestrian's sudden movement causes"
  },
  "./VRU_videos/DoTA/VRU_61.mp4": {
    "pred": "The video depicts a nighttime scene on a city street with a clear sky and a few scattered clouds. The road is a two-way street with a well-maintained asphalt surface, and the traffic is moderate. A car is seen approaching from the left side of the frame, moving at a moderate speed, with its headlights on. The car is a silver sedan with a sleek design and a modern appearance. As the car approaches, a pedestrian is seen crossing the street from the right side, wearing casual clothing and a relaxed posture. The pedestrian is not using a designated crosswalk and is crossing in front of the car. The car driver appears to be alert and slows down as they approach the pedestrian, indicating a cautious approach. The pedestrian suddenly stops and turns around, facing the car, and the car driver comes to a complete stop. The pedestrian then"
  },
  "./VRU_videos/DoTA/VRU_62.mp4": {
    "pred": "The video depicts a traffic collision between a car and a bicyclist on a city street. The weather appears to be clear and sunny, with no visible rain or snow. The road is a two-way street with a yellow line dividing the lanes. The car is a silver sedan, and the bicyclist is wearing a blue shirt and black pants. The car is moving at a moderate speed, approaching the bicyclist from behind, and the bicyclist is riding in the right lane. As the car gets closer, the bicyclist suddenly turns right, attempting to cross the street. The car driver brakes and swerves to avoid the bicyclist, but the bicyclist continues to ride in front of the car. The car driver then makes a sharp left turn to avoid hitting the bicyclist, and the bicyclist falls onto the hood of the"
  },
  "./VRU_videos/DoTA/VRU_63.mp4": {
    "pred": "The video depicts a car crash that occurred on a city street. The weather appears to be overcast, with a cloudy sky and no visible sunlight. The road is paved and appears to be a two-way street. The car involved in the crash is a small, red sedan, and the pedestrian is a woman wearing a black jacket and jeans. The car is moving at a moderate speed, approaching the pedestrian from behind, who is walking on the sidewalk. As the car gets closer, the pedestrian suddenly turns and walks into the street, directly into the path of the car. The car's trajectory is straight and unaltered, and the pedestrian's movement is sudden and unexpected. The collision occurs when the car's front end makes contact with the pedestrian's back, causing the pedestrian to be thrown onto the hood of the car. The impact is force"
  },
  "./VRU_videos/DoTA/VRU_64.mp4": {
    "pred": "The video depicts a car crash that occurred on a sunny day in 2016. The scene is set on a two-lane road with a clear sky overhead. A white car is driving on the right lane, approaching a pedestrian who is crossing the road from the left sidewalk. The pedestrian, a man wearing a white shirt and black pants, is seen walking towards the car, seemingly unaware of its approach. As the car gets closer, the pedestrian suddenly stops and turns his back towards the car, possibly to avoid a collision. The car's speed is moderate, and its trajectory is straight, indicating a controlled and predictable movement. The pedestrian's posture changes from walking to a halt, and then to turning his back, suggesting a sudden realization of the car's proximity. The collision occurs when the car is almost at the pedestrian's back,"
  },
  "./VRU_videos/DoTA/VRU_65.mp4": {
    "pred": "The video depicts a car crash that occurred on a city street on a sunny day. The car, a black sedan, was traveling at a moderate speed and approaching a pedestrian crossing. The pedestrian, a woman wearing a black jacket and carrying a red bag, was crossing the street from the left sidewalk to the right sidewalk. As the car approached, the pedestrian suddenly stopped and turned around, facing the oncoming vehicle. The car driver, a man wearing a white shirt, tried to avoid the pedestrian by swerving to the right but was unable to do so in time. The car hit the pedestrian from behind, causing her to fall onto the hood of the car. The impact was forceful, and the pedestrian's body was thrown onto the windshield of the car. The car's trajectory was from the left side of the road to the right, where"
  },
  "./VRU_videos/DoTA/VRU_66.mp4": {
    "pred": "The video depicts a serious traffic accident involving a large white bus and a pedestrian. The bus, which is a public transport vehicle, is seen driving on a paved road with a clear sky overhead. The bus is in motion, moving towards the right side of the frame, and the pedestrian is walking on the sidewalk, heading in the same direction. The pedestrian suddenly crosses the road, and the bus driver, who is wearing a red jacket, attempts to stop the vehicle by applying the brakes. However, the bus driver's actions are too late, and the bus collides with the pedestrian, causing a significant impact. The pedestrian falls onto the road, and the bus comes to a halt. The scene is chaotic, with people rushing to the aid of the injured pedestrian. The bus is a large, white, public transport vehicle with visible numbering on the side, and the pedest"
  },
  "./VRU_videos/DoTA/VRU_67.mp4": {
    "pred": "The video depicts a nighttime scene on a city street with a clear sky and a full moon, illuminating the scene. A car is seen approaching a pedestrian who is crossing the street, moving at a moderate speed. The pedestrian, dressed in dark clothing, is crossing the street from the left side to the right, and appears to be in the middle of the road. The car is driving on the right side of the road, and the pedestrian is in the center. As the car approaches, the pedestrian suddenly stops and turns to the left, possibly to avoid the car. The car's trajectory is straight and unwavering, and the pedestrian's movement is sudden and unexpected. The collision occurs when the car's front end makes contact with the pedestrian's back, causing the pedestrian to fall to the ground. The impact is forceful, and the pedestrian'"
  },
  "./VRU_videos/DoTA/VRU_68.mp4": {
    "pred": "The video depicts a severe traffic collision that occurs on a city street during the day. The weather is overcast, with a cloudy sky and a slight breeze. The road is a two-way street with multiple lanes, and the vehicles are predominantly cars and trucks. The scene is captured from the perspective of a car's dashboard camera, providing a first-person view of the incident. A large truck is driving down the street, and a pedestrian is crossing the road from the right side to the left side. The truck is moving at a moderate speed, and the pedestrian is walking in a straight line, seemingly unaware of the truck's approach. As the truck gets closer, the pedestrian suddenly stops and turns to the left, possibly to avoid the truck. However, the truck's driver does not react in time and collides with the pedestrian,"
  },
  "./VRU_videos/DoTA/VRU_69.mp4": {
    "pred": "The video depicts a car crash that occurred on a sunny day, with clear visibility and a dry road surface. The car, a white sedan, was traveling at a speed of approximately 27 km/h when it approached a pedestrian crossing. The pedestrian, a man wearing a red jacket and black pants, was crossing the road from the left sidewalk to the right sidewalk. As the car approached, the pedestrian suddenly stopped and turned around, facing the oncoming vehicle. The car's driver, a woman wearing a black jacket and black pants, braked suddenly to avoid a collision. However, the pedestrian did not move out of the way in time, and the car struck him from behind. The impact was forceful, causing the pedestrian to fall to the ground. The car's trajectory was straight and unobstructed, and the driver's movements were swift and"
  },
  "./VRU_videos/DoTA/VRU_70.mp4": {
    "pred": "The video depicts a traffic collision between a silver car and a pedestrian on a city street. The silver car, moving at a speed of approximately 1000 km/h, is seen approaching the pedestrian from the left side of the frame. The pedestrian, wearing a black jacket and white pants, is crossing the street from the right side. As the car approaches, the pedestrian suddenly stops and turns to face the car, causing the car to swerve to the right to avoid a collision. The pedestrian then continues walking in the same direction, while the car slows down and stops. The weather appears to be cold, with a clear sky and no visible precipitation. The road is a two-way street with multiple lanes, and there are other vehicles present, including a white bus and a silver car in the background. The collision is a result of the pedestrian's sudden stop and change"
  },
  "./VRU_videos/DoTA/VRU_71.mp4": {
    "pred": "The video depicts a traffic collision between a white car and a pedestrian on a city street. The weather appears to be clear and sunny, with no visible rain or snow. The road is paved and appears to be a two-way street. The white car is a compact model, and the pedestrian is wearing a blue jacket and black pants. The car is moving at a moderate speed, approaching the pedestrian from the right side of the frame. The pedestrian is walking on the sidewalk, but suddenly crosses the street and starts to walk towards the car. The car driver is wearing a white shirt and black pants. As the car approaches, the pedestrian stops and turns to face the car, but the driver continues to drive towards them. The pedestrian then turns to face the car again, and the car hits them, causing them to fall to the ground. The impact is sudden and force"
  },
  "./VRU_videos/DoTA/VRU_72.mp4": {
    "pred": "The video depicts a severe traffic collision that occurred on a city street. The scene is set in a busy urban area with tall buildings and trees lining the road. The weather appears to be sunny and clear, with no visible rain or snow. The road is a four-lane divided street with a crosswalk for pedestrians. \n\n\nA white van is seen approaching the intersection from the right side, moving at a high speed, and the driver is wearing a red shirt. The van is in the rightmost lane, and the driver is making a right turn. \n\n\nA pedestrian is crossing the street from the left side, wearing a white shirt and black pants. The pedestrian is in the middle of the crosswalk, and is walking towards the right side of the van. \n\n\nAs the van approaches the crosswalk, the pedestrian is in the process of crossing, and"
  },
  "./VRU_videos/DoTA/VRU_73.mp4": {
    "pred": "The video depicts a serious traffic accident that occurred on a clear day with a dry road surface. The scene is captured from the perspective of a car's dashboard camera, which is positioned on the left side of the road. The car's speedometer reads 30 km/h, indicating that the vehicle was moving at a moderate pace. As the car approaches, a pedestrian is seen crossing the road from the right side, wearing a white shirt and black pants. The pedestrian is in the middle of the road, seemingly unaware of the oncoming vehicle. The car's driver, wearing a black shirt and white pants, notices the pedestrian and attempts to brake, but it's too late. The car hits the pedestrian, causing a significant impact. The pedestrian's body is thrown to the right, and the car comes to a halt. The driver'"
  },
  "./VRU_videos/DoTA/VRU_74.mp4": {
    "pred": "The video depicts a traffic collision between a car and a pedestrian on a city street. The car, a small, black sedan, is seen approaching the pedestrian from behind at a moderate speed. The pedestrian, a man wearing a white shirt and dark pants, is crossing the street at a crosswalk. As the car gets closer, the pedestrian suddenly stops and turns to his left, possibly to avoid the oncoming vehicle. The car's trajectory is consistent with the pedestrian's movement, suggesting that the driver was following the pedestrian's path. The collision occurs when the car's front end makes contact with the pedestrian's back, causing the pedestrian to be thrown to the ground. The pedestrian's posture changes from walking to a more defensive stance, possibly in response to the imminent collision. The weather appears to be clear and sunny"
  },
  "./VRU_videos/DoTA/VRU_75.mp4": {
    "pred": "The video depicts a nighttime scene on a city street where a car is driving down the road, approaching a pedestrian who is crossing the street. The car is moving at a moderate speed, and the pedestrian is crossing the road from the left side to the right side. The pedestrian is wearing dark clothing and appears to be in a hurry, possibly rushing to catch a bus. As the car approaches, the pedestrian suddenly stops and turns around, facing the car. The car's trajectory is straight and unwavering, and the driver is focused on the road ahead. The pedestrian's movements are erratic, and their posture suggests they are not paying attention to the oncoming traffic. The collision occurs when the pedestrian turns around, and the car hits them from behind. The impact is sudden and forceful, causing the pedestrian to fall to the ground. The street is"
  },
  "./VRU_videos/DoTA/VRU_76.mp4": {
    "pred": "The video depicts a traffic collision between a white car and a pedestrian on a city street. The weather appears to be sunny and clear, with no visible rain or snow. The road is a two-way street with a marked crosswalk. The white car is driving on the right side of the road, approaching the pedestrian from behind. The pedestrian is wearing a white shirt and blue shorts, and is walking in the crosswalk. As the car approaches, the pedestrian suddenly turns to the left, possibly to avoid the car. The car's trajectory is towards the pedestrian, and the pedestrian's movement is towards the left. The car's speed is moderate, and the pedestrian's posture is alert and cautious. The collision occurs when the car's front bumper makes contact with the pedestrian's back, causing the pedestrian to fall"
  },
  "./VRU_videos/DoTA/VRU_77.mp4": {
    "pred": "The video depicts a serious traffic accident involving a car and a pedestrian. The scene is set in a city street with a clear sky and dry pavement, indicating fair weather conditions. The car, a small sedan, is seen approaching the pedestrian from behind at a moderate speed. The pedestrian, a woman, is wearing a black jacket and carrying a white bag, and she is crossing the street at a crosswalk. As the car approaches, she suddenly stops and turns around, possibly to avoid the oncoming vehicle. However, the car's driver does not react in time and collides with the pedestrian, causing her to fall to the ground. The car's trajectory is straight and unwavering, and the driver's movements are sudden and unexpected. The impact is forceful, resulting in the pedestrian's fall and the car's immediate stop. The scene is chaotic, with the ped"
  },
  "./VRU_videos/DoTA/VRU_78.mp4": {
    "pred": "The video depicts a severe traffic collision that occurred on a busy city street. The scene is set in a metropolitan area with tall buildings in the background, suggesting a dense urban environment. The weather appears to be overcast, with a cloudy sky and no visible sunlight, indicating an overcast day. The road is a multi-lane, paved street with a clear demarcation of lanes for vehicles and pedestrians. \n\n\nA man is seen riding a motorcycle, moving in the right lane of the street. He is wearing a helmet and appears to be in motion, possibly accelerating or cruising at a moderate speed. \n\n\nA pedestrian is crossing the street from the left sidewalk to the right side, moving in the same direction as the motorcyclist. The pedestrian is dressed in casual attire and seems to be in the middle of crossing the street when the"
  },
  "./VRU_videos/DoTA/VRU_79.mp4": {
    "pred": "The video depicts a serious traffic accident involving a black car and a pedestrian. The car, moving at a high speed, is seen approaching the pedestrian from behind. The pedestrian, dressed in a white jacket and black pants, is walking on the right side of the road, facing away from the car. As the car gets closer, the pedestrian suddenly turns around and starts walking in the opposite direction, away from the car. The car's trajectory is such that it would have collided with the pedestrian if the pedestrian had not moved. The car's speed is high, and the pedestrian's posture is relaxed, indicating a lack of urgency. The road is a two-way street with buildings on both sides, and the weather appears to be cold and snowy, as evidenced by the snow on the ground. The collision is a head-on impact, with the car"
  },
  "./VRU_videos/DoTA/VRU_80.mp4": {
    "pred": "The video depicts a serious traffic accident involving a car and a motorcycle. The car, a silver sedan, is seen approaching the motorcycle from behind at a high speed, indicating a reckless driving behavior. The motorcycle rider, wearing a black jacket and helmet, is seen riding in the right lane of the two-lane road. As the car gets closer, the motorcycle rider attempts to swerve to the left to avoid the collision, but the car follows suit, causing a head-on collision. The car's trajectory is unpredictable and aggressive, while the motorcycle rider's attempt to evade the collision is unsuccessful. The impact is severe, resulting in the motorcycle rider falling off and the car coming to a halt. The weather conditions are overcast, and the road appears to be wet, suggesting that the accident might have been caused by slippery road conditions."
  },
  "./VRU_videos/DoTA/VRU_81.mp4": {
    "pred": "The video depicts a city street scene where a man in a purple jacket is crossing the street. He is wearing a black hat and appears to be in the middle of the road, walking towards the right side of the frame. A silver car is approaching from the left side of the frame, moving at a moderate speed. The man seems to be in the process of crossing the street, and the car is positioned in such a way that it would be difficult for him to avoid a collision. The car's trajectory suggests that it is moving at a steady pace towards the man, and there is no indication of sudden braking or swerving. The man's posture is relaxed, and he seems to be walking calmly across the street. The weather appears to be overcast, with no visible sunlight or harsh glare. The road is a typical city street with multiple lanes, and there are other cars visible in the"
  },
  "./VRU_videos/DoTA/VRU_82.mp4": {
    "pred": "The video depicts a car crash that occurred on a city street during the daytime. The weather appears to be clear and sunny, with no visible rain or snow. The road is paved and appears to be a two-way street. The car involved in the crash is a small, black sedan, and it is positioned on the right side of the road. The car is moving at a moderate speed, approaching from the left side of the frame, and the driver is wearing a white shirt. The pedestrian, who is wearing a black jacket and blue jeans, is crossing the street from the left side towards the right side. As the car approaches, the pedestrian stops and turns to face the oncoming traffic, possibly to ensure their safety. However, the driver of the car does not slow down or change direction, and the car continues to move forward, resulting in a collision. The pedestrian is knocked over by"
  },
  "./VRU_videos/DoTA/VRU_83.mp4": {
    "pred": "The video depicts a traffic collision between a silver car and a pedestrian on a busy city street. The silver car, moving at a moderate speed, is seen approaching the pedestrian from the left side of the frame. The pedestrian, dressed in casual attire and carrying a backpack, is crossing the street from the right side. As the car approaches, the pedestrian suddenly stops and turns to face the oncoming vehicle, possibly indicating a change in their intended direction or a response to the car's presence. The car's trajectory remains unchanged, and the pedestrian's posture suggests they are prepared to cross the street. The collision occurs when the car's front end makes contact with the pedestrian's back, causing the pedestrian to be thrown onto the hood of the car. The impact is forceful, and the pedestrian's body is bent upon impact, indicating the sever"
  },
  "./VRU_videos/DoTA/VRU_84.mp4": {
    "pred": "The video depicts a nighttime scene on a narrow, paved road with a clear sky and no visible moon or stars. A car is driving at a moderate speed, approaching a pedestrian who is walking on the right side of the road. The pedestrian, wearing dark clothing and a backpack, is walking in the same direction as the car, but suddenly stops and turns to face the car. The car's trajectory changes as it slows down and stops, and the pedestrian's posture indicates a sudden halt. The collision occurs as the car's front bumper makes contact with the pedestrian's back, causing the pedestrian to fall onto the road. The car's speed is reduced significantly before the impact, and the pedestrian's movement is abruptly halted. The scene is illuminated by the car's headlights and the surrounding streetlights, and"
  },
  "./VRU_videos/DoTA/VRU_85.mp4": {
    "pred": "The video depicts a car crash that occurred on a two-lane road with a concrete median in the middle. The weather appears to be overcast, and the road is wet, suggesting recent rain. The car, which is a silver sedan, is traveling at a high speed, possibly in excess of 50 mph, and is approaching the pedestrian from behind. The pedestrian, a woman wearing a black jacket and blue jeans, is walking on the sidewalk adjacent to the road. As the car approaches, she suddenly turns and walks into the road, directly into the path of the car. The car's trajectory is altered by the pedestrian's sudden movement, causing it to swerve to the right to avoid a collision. However, the car's speed and the pedestrian's sudden turn are not enough to prevent the crash, and the car hits the pedestrian, causing her to"
  },
  "./VRU_videos/DoTA/VRU_86.mp4": {
    "pred": "The video depicts a car crash that occurred on a clear day with a dry road surface. The car involved in the crash is a black sedan, and it appears to be moving at a moderate speed. The driver of the car is wearing a white shirt and black pants. As the car approaches the intersection, the driver notices a pedestrian crossing the road, and the car slows down to a stop. The pedestrian, who is wearing a black jacket and blue jeans, is seen walking across the road, seemingly unaware of the car's presence. The driver of the car then makes a sudden turn to the right, attempting to avoid the pedestrian, but the pedestrian continues to walk in the same direction. The car's trajectory changes, and it veers off course, causing the driver to swerve to the left to avoid a collision with the pedestrian. However, the pedest"
  },
  "./VRU_videos/DoTA/VRU_87.mp4": {
    "pred": "The video depicts a nighttime scene on a snowy road where a car is driving at a high speed, approaching a pedestrian who is walking on the sidewalk. The car's trajectory is towards the pedestrian, and the vehicle's speed is high enough to cause the pedestrian to suddenly move out of the way to avoid a collision. The car's headlights illuminate the pedestrian, who is wearing dark clothing and appears to be in a hurry. The car's driver is not visible in the video, but the vehicle's speed and trajectory suggest that the driver is not paying attention to the pedestrian. The road is a two-way street with multiple lanes, and the surrounding area is lit by streetlights and buildings. The weather conditions are snowy, and the road appears to be icy, as evidenced by the car's skidding after the collision"
  },
  "./VRU_videos/DoTA/VRU_88.mp4": {
    "pred": "The video depicts a car crash that occurred on a city street. The weather appears to be clear and sunny, with no visible rain or snow. The road is paved and appears to be a two-way street. The vehicles involved in the crash are a black car and a silver car. The black car is seen approaching from the left side of the frame, moving at a moderate speed, while the silver car is parked on the right side of the road. The black car's driver is wearing a black jacket and appears to be driving at a moderate speed. The silver car's driver is wearing a white shirt and is standing next to the parked car. The black car's driver suddenly accelerates and makes a sharp turn to the right, causing the silver car to be hit from the side. The silver car's driver is wearing a black jacket and is standing next to the car, and the impact is severe"
  },
  "./VRU_videos/DoTA/VRU_89.mp4": {
    "pred": "The video depicts a car crash that occurred on a city street during a rainy day. The car involved in the crash is a black sedan, and it appears to be in motion, driving on the right side of the road. The car's trajectory suggests that it was approaching the intersection from the right side, possibly intending to turn right. The pedestrian, who is wearing a white jacket and black pants, is crossing the street from the left side, heading towards the bus stop. The car's speed is not explicitly mentioned, but it is evident that the driver was not able to stop in time to avoid hitting the pedestrian. The pedestrian's posture indicates that they were walking, and their movement was towards the bus stop. The collision occurred at the intersection, and the pedestrian was struck by the car, resulting in a severe impact. The video does not provide any further details about the weather conditions or the type"
  },
  "./VRU_videos/DoTA/VRU_90.mp4": {
    "pred": "The video depicts a car crash that occurred in a parking lot. The scene is set on a cloudy day, with a lightly trafficked road. The car involved in the crash is a black sedan, and it appears to be in motion, moving towards the right side of the frame. The pedestrian, a woman, is wearing a black jacket and black pants, and she is walking towards the left side of the frame. As the car approaches, she suddenly stops and turns to her left, possibly to avoid the car. The car's trajectory suggests that it was moving at a moderate speed, and the driver's actions indicate a sudden stop to avoid the pedestrian. The collision occurs when the car's front right side makes contact with the pedestrian's back, causing her to fall to the ground. The car's momentum is halted, and the pedestrian's movement is abruptly"
  },
  "./VRU_videos/DoTA/VRU_91.mp4": {
    "pred": "The video depicts a car crash that occurred on a city street on March 19, 2019. The scene is set in a busy urban area with tall buildings in the background, suggesting a dense urban environment. The weather appears to be overcast, with no visible sunlight or clear skies. The road is paved and appears to be a two-way street, with a clear lane for vehicles and a sidewalk for pedestrians. \n\n\nA car is seen approaching from the left side of the frame, moving at a moderate speed, and the driver is wearing a black jacket and appears to be focused on the road ahead. The car is in the right lane, indicating that it is following the rules of the road. \n\n\nOn the right side of the frame, a pedestrian is crossing the street. The pedestrian is wearing a white shirt and black pants, and"
  },
  "./VRU_videos/DoTA/VRU_92.mp4": {
    "pred": "The video depicts a car crash that occurred on a city street during the evening of June 6, 2016. The scene is set in a busy urban area with multiple lanes of traffic, including cars and a bus. The weather appears to be clear and sunny, with no visible rain or snow. The road is paved and appears to be a multi-lane highway. \n\n\nA car is seen approaching the intersection from the right lane, moving at a moderate speed, while a pedestrian is crossing the street from the left sidewalk. The pedestrian is wearing casual clothing and seems to be in a hurry, possibly rushing to catch a bus. The car's trajectory is towards the pedestrian, and the driver's speed is fast enough to cause the pedestrian to start running to avoid the collision. \n\n\nAs the car gets closer, the pedestrian'"
  },
  "./VRU_videos/DoTA/VRU_93.mp4": {
    "pred": "The video depicts a traffic accident involving a blue car and a pedestrian. The car, moving at a high speed, is seen approaching the pedestrian from behind. The pedestrian, wearing a white jacket and black pants, is walking on the right side of the road. As the car gets closer, the pedestrian suddenly turns to the left, possibly to avoid the oncoming vehicle. However, the car's trajectory changes, and it veers to the right, causing a head-on collision with the pedestrian. The impact is severe, resulting in the pedestrian falling onto the road. The car's speed and trajectory were crucial factors in the accident, as they led to the collision with the pedestrian. The pedestrian's sudden movement to the left and the car's change in direction were also significant, as they contributed to the outcome of the crash. The weather conditions were overcast"
  },
  "./VRU_videos/DoTA/VRU_94.mp4": {
    "pred": "The video depicts a car crash that occurred on a clear day with a dry road surface. The car, a white sedan, was traveling at a moderate speed on the right side of the road, approaching a gas station. The driver, a man wearing a red shirt, was in the process of turning right into the gas station when a pedestrian, a woman in a black coat, suddenly appeared in the car's path. The pedestrian was crossing the road from the left side, seemingly without looking, and the driver had to brake suddenly to avoid a collision. The car's trajectory was altered to the left to avoid hitting the pedestrian, but the driver's attempt to swerve was unsuccessful, resulting in a head-on collision. The pedestrian was knocked over by the force of the impact and fell onto the road. The car's front end was crumpled, indicating"
  },
  "./VRU_videos/DoTA/VRU_95.mp4": {
    "pred": "The video depicts a winter scene on a snowy road where a man is seen walking in the middle of the street. The road is covered in snow, and the weather appears to be cold and overcast. The man is wearing a black jacket and a black hat, and he is walking in a straight line towards the camera. A car is approaching from the left side of the frame, moving at a moderate speed. The driver of the car is wearing a white jacket and appears to be focused on the road ahead. As the car gets closer, the man suddenly stops and turns to his left, possibly to avoid the oncoming vehicle. However, the driver of the car does not notice the man's sudden change in direction and continues on his path. The man then falls onto the road, and the car hits him, causing a loud impact. The vehicle's trajectory is straight and uninterrupted until the man's sudden stop, and the"
  },
  "./VRU_videos/DoTA/VRU_96.mp4": {
    "pred": "The video depicts a nighttime scene on a busy city street with multiple lanes of traffic. The road is paved with asphalt and has a clear, dry surface. The weather appears to be cool and clear, with no visible precipitation. The traffic is heavy, with numerous cars and a few pedestrians visible. The vehicles are a mix of sedans and SUVs, and the pedestrians are dressed in casual attire. The camera angle is from inside a car, capturing the view of the road ahead.\n\n\nA car is seen approaching the intersection from the left lane, moving at a moderate speed. The driver is wearing a dark-colored shirt and appears to be focused on the road ahead. The car is in the right lane, approaching the intersection from the left.\n\n\nA pedestrian is crossing the street from the right sidewalk, wearing a white shirt and"
  },
  "./VRU_videos/DoTA/VRU_97.mp4": {
    "pred": "The video depicts a traffic collision between a car and a pedestrian on a clear day. The car, moving at a moderate speed, is seen approaching the pedestrian from the left side of the frame. The pedestrian, wearing a white shirt and dark pants, is crossing the street from the right side. As the car gets closer, the pedestrian suddenly stops and turns to face the oncoming vehicle, possibly indicating a change in their intended direction or a response to the car's approach. The car's trajectory remains consistent, and the pedestrian's posture changes from walking to facing the car. The collision occurs when the car's front right side makes contact with the pedestrian's back, causing the pedestrian to be thrown forward. The impact is sudden and forceful, resulting in the pedestrian falling onto the ground. The scene is captured from the perspective of the car's dash"
  },
  "./VRU_videos/DoTA/VRU_98.mp4": {
    "pred": "The video depicts a nighttime scene on a snowy road where a car is driving towards a pedestrian who is walking on the sidewalk. The car is moving at a moderate speed, and the pedestrian is wearing dark clothing and appears to be crossing the road. The car's trajectory suggests that it is approaching the pedestrian from the left side. As the car gets closer, the pedestrian suddenly turns and walks towards the right side of the road, possibly to avoid the oncoming vehicle. The car's driver seems to be aware of the pedestrian's movement and slows down, but the pedestrian continues to walk towards the right, causing the car to swerve to avoid a collision. The pedestrian's sudden change in direction and the car's reaction to it result in a near miss, with the car's front bumper barely missing the pedestrian's"
  },
  "./VRU_videos/DoTA/VRU_99.mp4": {
    "pred": "The video depicts a serious traffic accident involving a white car and a pedestrian. The car, which is a small, older model with a visible license plate reading \"AP6060\", is seen approaching the pedestrian from behind. The pedestrian, dressed in a black jacket and pants, is crossing the street from the left sidewalk to the right sidewalk. The car's speed appears to be moderate, and it is moving in the same direction as the pedestrian. As the car gets closer, the pedestrian suddenly stops and turns around, facing the car. The car's trajectory remains unchanged, and it continues to approach the pedestrian from behind. The pedestrian's posture changes from walking to standing still, indicating a sudden halt. The collision occurs when the car's front bumper makes contact with the pedestrian's back, causing the pedestrian to fall to"
  },
  "./VRU_videos/DoTA/VRU_100.mp4": {
    "pred": "The video depicts a car crash that occurred on a city street. The weather conditions were clear and sunny, with no visible rain or snow. The road was paved, and the vehicles involved were a silver car and a red car. The silver car was driving on the right side of the road, approaching from the left side of the frame, while the red car was parked on the right side of the road. The silver car was moving at a moderate speed, and the driver was wearing a black jacket and a white shirt. The red car was stationary, and the driver was wearing a white jacket and a black hat. As the silver car approached, the driver of the red car suddenly moved out of the parked position and into the path of the silver car, causing a collision. The silver car driver tried to avoid the collision by swerving to the left, but the red car driver also moved to the left, resulting in a"
  }
}