{
  "./VRU_videos/DoTA/VRU_1.mp4": {
    "pred": "The video begins with a view of a road stretching into the distance, flanked by sparse vegetation and power lines. The sun is low on the horizon, casting a warm glow over the scene. As the video progresses, a person appears to be walking towards the camera, with a motorcycle following closely behind. The person is wearing a jacket and pants, and the motorcycle is positioned to the right of the person. The road is mostly empty, with only a few distant vehicles visible. The sky is clear, and the overall atmosphere is calm and serene. The video concludes with the person and motorcycle crossing the road, with the person appearing to be in motion."
  },
  "./VRU_videos/DoTA/VRU_2.mp4": {
    "pred": "        The video captures a car crash in an urban setting. The scene is set on a busy street with multiple lanes filled with various vehicles, including cars, buses, and trucks. The sky is clear, indicating fair weather conditions. The road is marked with white pedestrian crossing lines, and there are traffic lights and street signs visible. Pedestrians are seen crossing the street, and a pedestrian in a red jacket is seen walking across the crosswalk. The video shows the car's speed approaching the pedestrian, and the car's trajectory is slightly altered as it approaches the pedestrian. The car's headlights are on, and the windshield wipers are in motion, indicating the car is in motion. The video concludes with the car's headlights off and the windshield wipers still in motion, suggesting the car has come to a stop."
  },
  "./VRU_videos/DoTA/VRU_3.mp4": {
    "pred": "The video begins with a view of a city street under a clear blue sky. The scene is set in the evening, with the sun casting long shadows on the road. The street is lined with tall buildings, and traffic lights are visible in the distance. A silver car is seen driving on the road, passing a white car and a black car. The car in question is approaching a red traffic light, and the driver appears to be in a defensive position. The car's headlights are on, and the driver is wearing a helmet. The traffic light displays a red signal, and the car is following the traffic rules. The scene then transitions to a view of the same city street, but this time the traffic light is green, indicating that the car is proceeding. The silver car is now passing a pedestrian who is crossing the street. The pedestrian is wearing a green shirt and is holding onto a pole. The car's headlights are off, and the driver is wearing a helmet. The traffic light displays"
  },
  "./VRU_videos/DoTA/VRU_4.mp4": {
    "pred": "The video captures a car crash in an urban setting. The scene is set on a street with buildings on both sides, and the sky is overcast. The road is marked with white crosswalk lines, and there are traffic lights visible. The car involved in the crash is a white truck, and it is seen approaching the intersection from the right side of the frame. The pedestrian crossing the street is a woman wearing a dark jacket and jeans, and she is seen crossing the street from the left side of the frame. The woman appears to be in motion, and the truck is seen following her. The video shows the car's trajectory as it approaches the intersection, and the truck's movement as it approaches the pedestrian. The video concludes with the car and truck moving away from the intersection, and the pedestrian crossing the street."
  },
  "./VRU_videos/DoTA/VRU_5.mp4": {
    "pred": "The video captures a nighttime scene on a highway where a vehicle is approaching a crosswalk. The vehicle's headlights are on, illuminating the road ahead. The road is marked with white lines, and there are guardrails on both sides. The sky is dark, indicating it is nighttime. The vehicle's speed is not visible, but the trajectory suggests it is moving forward. The pedestrian, dressed in dark clothing, is crossing the street at a safe distance from the vehicle. The pedestrian's posture suggests they are cautious and possibly in motion. The timestamp on the dashboard indicates the video was recorded on February 13, 2013, at 4:36:34."
  },
  "./VRU_videos/DoTA/VRU_6.mp4": {
    "pred": "        The video captures a nighttime scene on a two-lane road. The sky is dark, and the road is illuminated by the headlights of the vehicles. The first vehicle, which appears to be a car, is moving towards the camera, while the second vehicle, which is also a car, is moving away from the camera. The road is marked with white lane dividers and there are trees and a hill on the right side of the road. The first vehicle's headlights are on, and the second vehicle's headlights are off. The first vehicle is moving at a moderate speed, while the second vehicle is moving at a higher speed. The first vehicle is making a left turn, and the second vehicle is making a right turn. The first vehicle is making a sharp turn, and the second vehicle is making a gradual turn. The first vehicle is making a sharp turn, and the second vehicle is making a gradual turn. The first vehicle is making a sharp turn, and the second vehicle is making"
  },
  "./VRU_videos/DoTA/VRU_7.mp4": {
    "pred": "        The video captures a nighttime scene on a city street, illuminated by streetlights and the headlights of passing vehicles. The road is lined with trees and buildings, and the sky is dark, indicating it is night. A red truck is driving down the street, and its headlights are on, casting a bright light on the road ahead. The truck is moving towards the camera, and its headlights are also on, illuminating the road ahead. The scene is quiet with no other vehicles or pedestrians visible. The truck's headlights are on, casting a bright light on the road ahead. The scene is quiet with no other vehicles or pedestrians visible. The truck's headlights are on, casting a bright light on the road ahead. The scene is quiet with no other vehicles or pedestrians visible. The truck's headlights are on, casting a bright light on the road ahead. The scene is quiet with no other vehicles or pedestrians visible. The truck's headlights are on, casting a bright light on the road ahead."
  },
  "./VRU_videos/DoTA/VRU_8.mp4": {
    "pred": "The video captures a snowy urban street scene with a dark-colored car driving on the right side of the road. The sky is overcast, and the road is covered with snow. There are several pedestrians walking on the sidewalk, and traffic signs are visible on the right side of the road. The car is moving at a moderate speed, and the pedestrian appears to be walking away from the car. The video shows the car approaching a pedestrian crossing, and the pedestrian is seen walking towards the car. The car then passes the pedestrian, and the pedestrian is seen walking away from the car. The video concludes with the car passing the pedestrian, and the pedestrian is seen walking away from the car."
  },
  "./VRU_videos/DoTA/VRU_9.mp4": {
    "pred": "        The video captures a car accident on a snowy street. The car, a light-colored vehicle with a green and white logo on the rear, is seen from the rear, with its license plate reading \"C738T22\". The car is in motion, and the driver's side door is open, suggesting that the driver may have been involved in the accident. The road is covered with snow, and the surrounding environment is a typical winter scene with buildings and other vehicles visible in the background. The sky is overcast, and the time stamp on the video indicates it was taken on January 1, 2013, at 13:13:34."
  },
  "./VRU_videos/DoTA/VRU_10.mp4": {
    "pred": "        The video captures a car accident in an urban setting. The scene is set on a busy street with multiple lanes, electric trams, and tall buildings. The sky is overcast, and the road is wet, indicating recent rain. The traffic is heavy with various vehicles, including cars and a truck. The pedestrian, dressed in dark clothing, is seen walking across the street, seemingly unaware of the approaching vehicles. The car approaching the pedestrian is a white truck, and the pedestrian is wearing dark clothing. The traffic light is visible in the background, and the pedestrian appears to be crossing the street at a crosswalk. The video concludes with the pedestrian crossing the street, and the car approaching the pedestrian is no longer visible."
  },
  "./VRU_videos/DoTA/VRU_11.mp4": {
    "pred": "        The video begins with a dark, nighttime view of a road, illuminated by the headlights of a vehicle. The road is marked with white lane dividers and a guardrail on the left side. The sky is dark, indicating it is nighttime. The vehicle's speed is not visible, but the trajectory suggests it is moving forward. The pedestrian, dressed in dark clothing, is seen walking towards the vehicle, appearing to be in motion. The pedestrian's posture suggests they are alert and possibly in a hurry. The vehicle's headlights are on, casting a bright light on the road ahead. The timestamp on the screen reads \"2018/11/02 22:30:33,\" indicating the time and date of the video. The video concludes with the vehicle approaching the pedestrian, and the pedestrian appears to be in a hurry, possibly crossing the road."
  },
  "./VRU_videos/DoTA/VRU_12.mp4": {
    "pred": "        The video captures a car crash in an urban setting. The scene is set on a busy street with tall buildings on either side. The sky is overcast, and the road is marked with white pedestrian crossing lines. The car, which is white, is seen approaching a red traffic light. The car's speed is indicated by the red light, and the car's trajectory is towards the pedestrian crossing. The pedestrian, dressed in a blue jacket and carrying a bag, is seen crossing the street. The pedestrian's posture suggests they are in motion, and the pedestrian crossing is marked with white lines. The car's trajectory is towards the pedestrian crossing, and the car's speed is indicated by the red light. The car's speed is indicated by the red light, and the car's trajectory is towards the pedestrian crossing. The pedestrian's posture suggests they are in motion, and the pedestrian crossing is marked with white lines. The car's speed is indicated by the red light, and the car's trajectory"
  },
  "./VRU_videos/DoTA/VRU_13.mp4": {
    "pred": "        The video captures a car crash in an urban area. The sky is overcast, and the road appears wet, suggesting recent rain. The scene is dominated by a white car, which is the main subject of the crash. The car is seen making a sharp turn onto the road, causing the white car to lose control and collide with the white car. The white car is severely damaged, with its roof crushed and windows shattered. The white car's driver, who is wearing a red helmet, is seen walking away from the crash site, indicating that the driver may have been injured or incapacitated. The white car's passenger, who is also wearing a red helmet, is seen standing on the sidewalk, observing the aftermath of the crash. The pedestrian is dressed in dark clothing and appears to be in a state of shock or disbelief. The scene is devoid of any other vehicles or pedestrians, emphasizing the severity of the crash."
  },
  "./VRU_videos/DoTA/VRU_14.mp4": {
    "pred": "        The video begins with a view of a snowy street, with a red bus approaching from the left side of the frame. The sky is clear and blue, indicating a sunny day. The buildings on the left side of the street are multi-story, with a mix of residential and commercial structures. The road is marked with white lines, and there are trees with no leaves, suggesting it is winter. A pedestrian is crossing the street, dressed in winter clothing, and appears to be in motion. The video then shows the red bus approaching from the right side of the frame, with the pedestrian crossing the street. The bus is a modern city bus with a red and yellow color scheme. The road is clear, and there are no other vehicles or pedestrians visible in the immediate vicinity. The video concludes with the red bus passing by, and the pedestrian crossing the street."
  },
  "./VRU_videos/DoTA/VRU_15.mp4": {
    "pred": "        The video captures a nighttime scene on a city street, with a car and a bus in the foreground. The car is moving towards the camera, while the bus is approaching from the left side of the frame. The street is illuminated by streetlights and the headlights of the vehicles. The sky is dark, indicating it is nighttime. The road has multiple lanes, and there are traffic signs and streetlights visible. The car's windshield wipers are visible, and the dashboard of the car is partially visible. The pedestrian is crossing the street, and the car is approaching from the left side of the frame. The pedestrian appears to be in motion, and the car is following the pedestrian. The car's speed is not clearly visible, but it appears to be moving at a moderate speed. The pedestrian's posture suggests they are crossing the street with caution. The video does not show any other vehicles or pedestrians in the immediate vicinity."
  },
  "./VRU_videos/DoTA/VRU_16.mp4": {
    "pred": "        The video captures a car accident on a two-lane road. The sky is partly cloudy, and the road is lined with trees and utility poles. The car is moving forward, and the pedestrian is crossing the road. The car's speed is moderate, and the pedestrian appears to be in a relaxed posture. The car's trajectory is slightly to the left of the pedestrian, and the pedestrian's posture suggests they are crossing the road. The car's speed is moderate, and the pedestrian's posture suggests they are crossing the road. The car's trajectory is slightly to the left of the pedestrian, and the pedestrian's posture suggests they are crossing the road. The car's speed is moderate, and the pedestrian's posture suggests they are crossing the road. The car's trajectory is slightly to the left of the pedestrian, and the pedestrian's posture suggests they are crossing the road. The car's speed is moderate, and the pedestrian's posture suggests they are crossing the road. The car's trajectory is"
  },
  "./VRU_videos/DoTA/VRU_17.mp4": {
    "pred": "        The video captures a car crash on a two-lane road. The sky is overcast, and the road is marked with white and black stripes. The traffic lights are red, indicating a stop signal. The car is moving towards the camera, and the pedestrian is crossing the road. The car's headlights are on, and the vehicle's speed is moderate. The pedestrian appears to be in a neutral position, with no visible signs of distress or panic. The car's trajectory is straight ahead, and the pedestrian's movement is controlled, with the pedestrian's posture suggesting a cautious approach. The video concludes with the car moving away from the pedestrian, and the pedestrian crossing the road."
  },
  "./VRU_videos/DoTA/VRU_18.mp4": {
    "pred": "The video captures a moment of a pedestrian crossing a street, with a yellow car in the foreground. The pedestrian, dressed in a black jacket and a red vest, is seen walking towards the car. The street is lined with buildings and trees, and the sky is clear. The pedestrian appears to be in motion, heading towards the car. The car is moving forward, and the pedestrian is in the process of crossing the street. The timestamp on the video indicates it was taken on '2019/05/25 09:15:15'."
  },
  "./VRU_videos/DoTA/VRU_19.mp4": {
    "pred": "        The video captures a moment of a car driving on a road, with a white car in the foreground and several other vehicles in the background. The sky is overcast, and the road is marked with white lines. The car in the foreground is moving towards the camera, while the other vehicles are stationary or moving slowly. The pedestrian, dressed in dark clothing, is crossing the road from the left side of the frame towards the right. The pedestrian appears to be in motion, with their posture suggesting they are walking. The car in the background is also moving, but at a slower pace. The overall scene suggests a typical day with moderate traffic and pedestrian activity."
  },
  "./VRU_videos/DoTA/VRU_20.mp4": {
    "pred": "The video captures a car crash in a snowy urban setting. The scene is dominated by a dark-colored car that has veered off the road and into the street, causing a significant impact. The car is surrounded by other vehicles, including a silver car and a black car, and pedestrians. The road is covered in snow, and the sky is overcast, indicating cold weather conditions. The video shows the aftermath of the crash, with the car still on the road and the pedestrian walking away from the scene. The car's headlights are on, and the surrounding environment is covered in snow, with buildings and streetlights visible in the background. The video concludes with the car still on the road, and the pedestrian walking away."
  },
  "./VRU_videos/DoTA/VRU_21.mp4": {
    "pred": "The video captures a car crash on a rural road. The sky is clear and blue, indicating fair weather conditions. The road is covered with snow, and there are no other vehicles or pedestrians visible in the immediate vicinity. The car, which appears to be a white SUV, is seen approaching from the left side of the frame, moving towards the right. The driver is wearing a dark jacket and is focused on the road ahead. The pedestrian, dressed in dark clothing, is seen walking away from the car, moving towards the right side of the frame. The timestamp on the screen indicates the time as 09:15:45. The video also includes a watermark that reads 'PROLOGY' with a phone number and a timestamp of '2016/11/15 09:15:45'."
  },
  "./VRU_videos/DoTA/VRU_22.mp4": {
    "pred": "        The video begins with a view of a dark road at night, illuminated by streetlights and the headlights of passing vehicles. The sky is dark, and the road is empty except for a few cars. The first few frames show the car's dashboard and windshield, with the text \"CAR CRASHES TIME\" and \"18\" in the top right corner, indicating the time and channel. The scene transitions to a wider view of the road, where the car is approaching a curve. The headlights of the car and the headlights of the cars in the distance are on, and the streetlights are on, casting a glow on the road. The car's windshield reflects the lights, and the dashboard displays the speedometer and other vehicle information. The car's windshield wipers are visible, and the car's headlights are on. The car's windshield wipers are in motion, and the windshield wipers are visible. The car's headlights are on, and the car's windshield wipers are"
  },
  "./VRU_videos/DoTA/VRU_23.mp4": {
    "pred": "The video captures a car accident in an urban setting. The scene is set on a street with multiple cars and a pedestrian. The sky is overcast, and the road appears wet, suggesting recent rain. The buildings in the background are multi-story residential structures with numerous windows. The car in the foreground is a silver sedan with a visible license plate. The pedestrian, dressed in a plaid shirt and jeans, is seen walking away from the car, appearing to be in distress. The pedestrian's posture suggests they may have fallen or been pushed. The car's headlights are on, and the traffic light is visible in the background. The video shows the car's rear end, with the license plate clearly visible. The pedestrian is seen walking away from the car, and the car's headlights are on, indicating that the video was taken during the day. The pedestrian's posture suggests they may have fallen or been pushed. The car's rear end is visible, with the license plate clearly visible. The pedestrian"
  },
  "./VRU_videos/DoTA/VRU_24.mp4": {
    "pred": "        The video begins with a dark street at night, illuminated by streetlights and the headlights of passing vehicles. The scene transitions to a car driving down the street, with the dashboard and windshield visible. The car's headlights and taillights are on, and the street is lined with buildings and streetlights. The car is moving towards the camera, and the traffic lights are visible, indicating a controlled intersection. The car's headlights and taillights are on, and the street is lined with buildings and streetlights. The car is moving towards the camera, and the traffic lights are visible, indicating a controlled intersection. The car's headlights and taillights are on, and the street is lined with buildings and streetlights. The car is moving towards the camera, and the traffic lights are visible, indicating a controlled intersection. The car's headlights and taillights are on, and the street is lined with buildings and streetlights. The car is moving towards the camera, and the traffic lights"
  },
  "./VRU_videos/DoTA/VRU_25.mp4": {
    "pred": "        The video begins with a view of a snow-covered parking lot during the early morning or late afternoon, with the sun low in the sky, casting long shadows and creating a bright, white glare. The scene is set against a backdrop of snow-covered trees and a building with a sloped roof. A white car is parked in the lot, and a person wearing a red jacket is seen approaching the car from the right side. The person appears to be in motion, possibly walking or running, and the car is stationary. The timestamp on the video reads \"20/17/21 15:45:35 MVT 353.\"\n\n        As the person approaches the car, the car's headlights and taillights are on, illuminating the snow-covered lot. The person then starts to walk towards the car, and the car's headlights and taillights fade out, indicating the car is moving. The person continues to walk, and the car's"
  },
  "./VRU_videos/DoTA/VRU_26.mp4": {
    "pred": "        The video captures a car crash in an urban setting. The scene is set on a street lined with tall, yellow buildings, and the sky is clear. The car's windshield is visible, showing the reflection of the sky and the surrounding buildings. The car is in motion, and the driver is visible through the windshield. The pedestrian, dressed in dark clothing, is seen walking across the street, and the car is making a sharp turn. The pedestrian appears to be in a hurry, as indicated by their posture and the fact that they are walking across the street. The car's speed is not visible, but the trajectory of the car suggests it is making a sharp turn. The final impact of the collision is not visible in the video."
  },
  "./VRU_videos/DoTA/VRU_27.mp4": {
    "pred": "The video captures a car crash in a residential area during the day. The sky is clear, and the sun is shining brightly. The road is lined with parked cars and buildings, and there are trees on the sides. The car is moving towards the camera, and the pedestrian is crossing the street. The car's speed is moderate, and the pedestrian appears to be in motion. The car's trajectory is slightly to the left of the pedestrian, and the pedestrian is slightly to the right of the car. The car's speed is moderate, and the pedestrian appears to be in motion. The car's trajectory is slightly to the left of the pedestrian, and the pedestrian is slightly to the right of the car. The car's speed is moderate, and the pedestrian appears to be in motion. The car's trajectory is slightly to the left of the pedestrian, and the pedestrian is slightly to the right of the car. The car's speed is moderate, and the pedestrian appears to be in motion. The"
  },
  "./VRU_videos/DoTA/VRU_28.mp4": {
    "pred": "The video captures a moment of a green tram that has veered off the road and onto the sidewalk. The tram is in the process of making contact with the pedestrian crossing, causing the pedestrian to fall onto the sidewalk. The surrounding environment includes tall buildings, a red sign, and a car in the background. The sky is overcast, and the ground appears wet, suggesting recent rain. The tram's trajectory is slightly off-center, and the pedestrian's posture indicates a fall. The video concludes with the tram moving away from the scene, and the pedestrian's body language showing a fall."
  },
  "./VRU_videos/DoTA/VRU_29.mp4": {
    "pred": "        The video captures a snowy road scene in Qa'as Astar City, as indicated by the text 'CAR CRASHES TIME' and 'Qa'as Astar City' in the top left corner. The sky is overcast, and the road is covered with snow, with a few vehicles and a construction vehicle visible. The timestamp '20/10/17 18:17' is displayed in the top right corner, indicating the time and date of the video. The text 'Qa'as Astar City' is also visible in the bottom right corner, providing the location of the crash. The video shows a car approaching a construction vehicle, which is in turn approaching a pedestrian who is crossing the road. The pedestrian is wearing a high-visibility vest and appears to be in motion, with the construction vehicle following closely behind. The car is in the process of making a turn, and the pedestrian is seen walking away from the car."
  },
  "./VRU_videos/DoTA/VRU_30.mp4": {
    "pred": "        The video captures a snowy street scene with a car and a bus in the foreground. The sky is overcast, and the road is covered with snow. The traffic lights are visible, and the road signs indicate a one-way street. The car is approaching a traffic light, while the bus is waiting at the intersection. A pedestrian is seen walking on the sidewalk, and a person is seen attempting to push the car, causing it to swerve and collide with the pedestrian. The car's rear lights are on, and the pedestrian is wearing a white coat. The video concludes with the car and the pedestrian both moving away from the scene."
  },
  "./VRU_videos/DoTA/VRU_31.mp4": {
    "pred": "        The video captures a car crash in a residential area during winter. The sky is overcast, and the ground is covered with snow. The car is seen from the driver's perspective, moving down the road. The scene includes a snowy street with parked cars on both sides, a building with a blue facade, and a few pedestrians walking on the sidewalk. The car's speed is moderate, and the driver appears to be focused on the road ahead. The pedestrian, dressed in dark clothing, is seen walking away from the car, and the car's trajectory is slightly altered as it approaches the pedestrian. The final impact of the collision is not visible in the video."
  },
  "./VRU_videos/DoTA/VRU_32.mp4": {
    "pred": "The video begins with a view from inside a car, showing the windshield wipers and the road ahead. The road is wet, indicating recent rain, and there are several parked cars on the side of the street. The buildings on the right side of the street are multi-story, with balconies and windows visible. The sky is overcast, and the overall atmosphere is gloomy. As the car moves forward, the road appears to be wet and slippery, with visible tire marks and puddles. The car's speed is moderate, and the driver appears to be focused on the road ahead. The pedestrian, who is wearing a dark jacket and jeans, is seen running down the street, appearing to be in a hurry. The pedestrian's posture suggests they are in motion, and the car's trajectory is slightly to the left of the pedestrian. The video concludes with the car approaching the pedestrian, who is still running, and the car's speed is slightly increased as it approaches. The pedestrian's posture"
  },
  "./VRU_videos/DoTA/VRU_33.mp4": {
    "pred": "The video captures a nighttime scene on a city street. The sky is dark, and the street is illuminated by streetlights and the headlights of the vehicles. The road is wide and appears to be a multi-lane highway. There are buildings on both sides of the street, and the buildings are lit up with various colors of lights, including red and green. The traffic is moving in both directions, with some vehicles appearing to be in motion and others possibly stopped or moving slowly. The pedestrian is visible on the right side of the street, walking along the sidewalk. The pedestrian appears to be in motion, possibly crossing the street or walking along the sidewalk. The video does not show any visible signs of an accident, but the overall scene suggests a typical urban night-time traffic scenario."
  },
  "./VRU_videos/DoTA/VRU_34.mp4": {
    "pred": "        The video captures a snowy street scene with a white Hyundai car in the foreground. The sky is overcast, and the ground is covered in snow. The car is stationary, and the pedestrian is seen kneeling on the snow-covered ground, appearing to be in distress. The traffic lights are visible, and the surrounding environment includes buildings and other vehicles. The timestamp indicates the video was taken at 00:21:31."
  },
  "./VRU_videos/DoTA/VRU_35.mp4": {
    "pred": "The video begins with a view from inside a vehicle, showing a green bus with red and white markings on the side. The road is lined with trees and buildings, and the sky is clear. The bus is moving forward, and the driver is focused on the road ahead. The scene transitions to a close-up of the driver's dashboard, where the time and date are displayed as '3:50' and '08/18/20 09:42'. The driver then turns their head to the side, looking at the pedestrian. The pedestrian, dressed in dark clothing, is standing on the sidewalk, observing the bus. The driver then turns back to the pedestrian, who is now standing on the sidewalk, looking at the bus. The pedestrian appears to be in a defensive posture, with their hands on their hips. The bus continues to move forward, and the pedestrian remains on the sidewalk, watching the bus. The video concludes with the pedestrian still standing on the"
  },
  "./VRU_videos/DoTA/VRU_36.mp4": {
    "pred": "        The video captures a car crash in an urban setting. The scene is set in a city street with tall buildings in the background. The sky is clear, indicating fair weather conditions. The car involved in the crash is a white van, and it is seen in the process of crashing into a silver car. The impact is violent, with debris flying into the air. The pedestrian, dressed in a green jacket and blue jeans, is seen walking away from the crash site. The car's windshield is shattered, and the vehicle's headlights are on. The pedestrian's posture suggests they are in motion, possibly running or trying to escape the crash. The video concludes with the car's windshield still shattered, indicating the severity of the impact."
  },
  "./VRU_videos/DoTA/VRU_37.mp4": {
    "pred": "        The video captures a car crash at dusk. The sun is setting in the background, casting a warm glow over the scene. The road is wet, likely from recent rain, and there are puddles on the side of the road. The sky is a mix of blue and orange hues, indicating the time of day is either early morning or late evening. The car's windshield wipers are visible, and the dashboard of the car is partially visible. The car is moving towards the camera, and the driver is wearing a dark-colored shirt. The driver's side door is open, and the car's headlights are on. The car's speed is moderate, and the driver appears to be focused on the road ahead. The pedestrian, who is wearing a white shirt, is crossing the road, and the pedestrian's posture suggests they are in motion. The pedestrian's clothing is dark, and they are wearing shoes. The pedestrian's posture suggests they are in motion, and they are crossing the road."
  },
  "./VRU_videos/DoTA/VRU_38.mp4": {
    "pred": "The video begins with a view of a city street, where a red truck is driving down the road. The sky is clear, indicating good weather conditions. The street is lined with buildings and trees, and there are other vehicles visible in the distance. The timestamp on the screen reads '2014/04/18 18:40'. The scene transitions to a view of the same street, but this time the red truck is no longer visible, and the red car is now approaching the intersection. The pedestrian, dressed in dark clothing, is seen crossing the street, and the car is approaching from the opposite direction. The timestamp on the screen remains '2014/04/18 18:40'. The video then shows the pedestrian crossing the street, and the car approaching from the opposite direction. The timestamp on the screen remains '2014/04/18 18:40'. The scene transitions"
  },
  "./VRU_videos/DoTA/VRU_39.mp4": {
    "pred": "        The video captures a moment of a traffic accident in an urban setting. The scene is set on a busy street with multiple lanes, and the sky is overcast. The traffic is heavy, with several cars and a blue car in the foreground. Pedestrians are seen crossing the street, some of whom are carrying bags. The vehicles are stationary, and the blue car is positioned in the center of the frame, facing the camera. The timestamp on the video reads '09/16/2019 16:17:47'. The video shows the blue car approaching the intersection, and the blue car is seen turning onto the crosswalk. The pedestrian crossing is marked with white stripes, and the traffic lights are visible in the background. The scene is bustling with activity, and the blue car is the focal point of the video."
  },
  "./VRU_videos/DoTA/VRU_40.mp4": {
    "pred": "        The video captures a moment of a white car approaching a crosswalk on a sunny day. The sky is clear, and the road is marked with white lines. The car is in the process of turning, and the pedestrian is crossing the street. The traffic light is green, indicating that the car is proceeding. The surrounding environment includes buildings, trees, and other vehicles, all under a bright blue sky. The pedestrian appears to be in motion, and the car is following the pedestrian's path. The video shows the car approaching the crosswalk, the pedestrian crossing, and the car proceeding. The car is moving forward, and the pedestrian is crossing the street. The traffic light is green, indicating that the car is proceeding. The surrounding environment includes buildings, trees, and other vehicles, all under a bright blue sky. The pedestrian appears to be in motion, and the car is following the pedestrian's path. The video shows the car approaching the crosswalk, the pedestrian crossing, and the car"
  },
  "./VRU_videos/DoTA/VRU_41.mp4": {
    "pred": "        The video captures a car crash in a bustling city street. The scene is set during the day under a clear blue sky. The traffic is dense with various vehicles, including cars and a motorcycle, moving in both directions. Pedestrians are also present, crossing the street at a crosswalk. The video shows a car approaching the intersection, and the driver appears to be in a defensive position, possibly reacting to the approaching vehicle. The pedestrian is crossing the street, and the car is in the process of making a turn. The traffic light is visible, indicating a controlled intersection. The video also includes a billboard with a person on it, adding to the urban setting. The timestamp on the video reads '2016/06/23 18:31:53 FULL HD 1080p', indicating the time, date, and resolution of the footage."
  },
  "./VRU_videos/DoTA/VRU_42.mp4": {
    "pred": "        The video begins with a view of a residential street, where a dark-colored car is approaching a traffic intersection. The sky is overcast, and the road is wet, indicating recent rain. The car is in the process of making a turn, and the traffic light is red. As the car approaches the intersection, a white van appears and overtakes it. The scene then transitions to a view of the same residential street, where the dark-colored car is now making a left turn onto the street. The traffic light is green, and the car is in the process of turning. The white van continues to overtake the car, and the scene transitions to a view of the same residential street, where the dark-colored car is making a right turn onto the street. The traffic light is green, and the car is in the process of turning. The white van continues to overtake the car, and the scene transitions to a view of the same residential street, where the dark-colored car is making"
  },
  "./VRU_videos/DoTA/VRU_43.mp4": {
    "pred": "The video begins with a view of a road illuminated by streetlights and trees adorned with white and blue lights, creating a festive atmosphere. The timestamp reads \"4:14h 2016/01/04 12:15:25\". The scene transitions to a view of the road, which is now dark, indicating that it is nighttime. The road is lined with trees on both sides, and the trees are decorated with white and blue lights, creating a festive atmosphere. The sky is dark, and the road appears to be empty except for a few distant lights from a vehicle. The timestamp remains consistent throughout the video. The video then shows a view of the road, which is now dark, indicating that it is nighttime. The road is lined with trees on both sides, and the trees are decorated with white and blue lights, creating a festive atmosphere. The sky is dark, and the road appears to be empty except for a few distant lights from"
  },
  "./VRU_videos/DoTA/VRU_44.mp4": {
    "pred": "        The video begins with a view of a busy street under a clear blue sky with a few scattered clouds. The road is lined with trees and buildings, and there are several cars and a truck visible in the distance. The scene transitions to a car driving down the street, followed by a pedestrian who appears to be in distress. The car then loses control and crashes into the pedestrian, who is lying on the ground. The car's driver is seen approaching the scene, and the pedestrian is seen falling forward. The video concludes with the car and pedestrian both moving away from the scene, with the car continuing on its course and the pedestrian lying on the ground."
  },
  "./VRU_videos/DoTA/VRU_45.mp4": {
    "pred": "        The video captures a crash scene on a tree-lined street. The sky is overcast, and the road appears to be wet, possibly from recent rain. The first vehicle, a white ambulance with red and blue markings, is seen approaching from the left side of the frame. The second vehicle, a motorcycle, is seen on the right side of the frame, with a person lying on the ground near it. The person appears to be injured, with their body sprawled out on the ground. The person is wearing a helmet and a dark jacket. The motorcycle is black with red and white accents. The surrounding environment includes trees, buildings, and other vehicles, all of which are stationary. The scene is calm, with no visible signs of distress or urgency. The video concludes with the motorcycle lying on the ground, and the person lying on it."
  },
  "./VRU_videos/DoTA/VRU_46.mp4": {
    "pred": "        The video begins with a nighttime view of a city street, illuminated by streetlights and the glow of traffic lights. The sky is dark, and the street is mostly empty, with only a few cars visible in the distance. The timestamp reads '2016/06/03 13:58:58'. As the video progresses, the camera pans to the left, revealing a car approaching the intersection. The car's headlights are on, and the streetlights cast a warm glow on the road. The timestamp remains consistent throughout the video. The car approaches the intersection, and the camera follows its path, capturing the car's movement and the surrounding environment. The timestamp remains consistent throughout the video. The car approaches the intersection, and the camera follows its path, capturing the car's movement and the surrounding environment. The timestamp remains consistent throughout the video. The car approaches the intersection, and the camera follows its path, capturing the car's movement and the surrounding environment"
  },
  "./VRU_videos/DoTA/VRU_47.mp4": {
    "pred": "        The video captures a scene of a busy city street during a rainy day. The sky is overcast, and the street is slick with rain, reflecting the lights from the vehicles and traffic signals. The traffic is heavy, with several cars and buses navigating the intersection. The vehicles are predominantly white and black, with some red and blue accents. Pedestrians are visible on the sidewalks, some of whom are wearing raincoats and carrying umbrellas. The traffic lights are red, indicating a stop signal for the vehicles. The overall atmosphere is one of a typical rainy day in a bustling urban environment."
  },
  "./VRU_videos/DoTA/VRU_48.mp4": {
    "pred": "        The video captures a moment of a traffic accident in an urban setting. The scene is set in a busy intersection with multiple lanes, traffic lights, and a tall building with a distinctive cylindrical shape in the background. The sky is clear, indicating fair weather conditions. \n\n        A silver sedan is seen approaching the intersection from the left side of the frame, while a pedestrian, dressed in dark clothing, is crossing the street from the right side of the frame. The pedestrian appears to be in motion, with their posture suggesting they are crossing the road. \n\n        The traffic lights are red, indicating that the pedestrian has the right of way. The pedestrian is seen approaching the intersection, and the silver sedan is seen approaching from the opposite direction. \n\n        The video shows the pedestrian's movement from the right side of the frame, crossing the road, and the silver sedan approaching from the left side. The pedestrian's posture suggests they are in motion, while the silver sedan's posture indicates it is also in"
  },
  "./VRU_videos/DoTA/VRU_49.mp4": {
    "pred": "        The video captures a moment of a traffic accident at an intersection. The sky is clear and blue, indicating good weather conditions. The road is divided into lanes, and there are traffic lights and street signs visible. The scene includes a variety of vehicles, including a bus, cars, and a bicycle. The bus is stopped at the intersection, while the cars and bicycle are moving. The pedestrian is crossing the street, and the cyclist is riding on the sidewalk. The timestamp on the dashboard reads 'HW 2019 05 28 18:11:19'. The video shows the bus approaching the intersection, the cyclist crossing, and the pedestrian moving towards the bus. The bus is moving towards the cyclist, and the cyclist is moving towards the pedestrian. The bus is moving towards the pedestrian, and the cyclist is moving towards the bus. The cyclist is crossing the street, and the bus is moving towards the pedestrian. The cyclist is crossing the street,"
  },
  "./VRU_videos/DoTA/VRU_50.mp4": {
    "pred": "The video captures a snowy street scene in an urban area. The road is covered with snow, and the weather appears to be cold and snowy. The sky is overcast, and the visibility is reduced due to the snowfall. The street is lined with buildings, and there are various shops and businesses on the ground floor. Pedestrians are walking on the sidewalks, and some are crossing the street. The vehicles on the road include cars and a motorcycle, and the traffic appears to be moderate. The video shows a car approaching the intersection, and the driver is seen turning on the right side of the road. The driver's speed is 27 km/h, and the time elapsed is 24 minutes and 24 seconds. The timestamp on the dashboard reads 06:46:46. The video concludes with the car turning on the left side of the road, and the driver is seen turning on the right side of the road. The driver's speed is "
  },
  "./VRU_videos/DoTA/VRU_51.mp4": {
    "pred": "        The video captures a moment of a traffic accident at an intersection. The sky is overcast, and the road is marked with white lines and pedestrian crossings. The traffic includes a white car with a blue stripe, a red car, and a black car. The pedestrian is seen walking on the sidewalk. The traffic light is green, indicating that the vehicles are moving forward. The timestamp on the video reads \"2019/03/08 08:45:45\"."
  },
  "./VRU_videos/DoTA/VRU_52.mp4": {
    "pred": "The video begins with a view from inside a car, showing the dashboard and windshield wipers. The scene transitions to a street view with buildings on both sides, trees, and a clear blue sky. A white car is seen driving down the street, followed by a silver car. The scene then shifts to a pedestrian crossing the street, wearing a blue jacket and carrying a pink bag. The pedestrian is seen walking across the street, with buildings and trees lining the road. The video continues with the pedestrian crossing the street, now wearing a red jacket and carrying a black bag. The pedestrian is seen walking across the street, with buildings and trees lining the road. The video concludes with the pedestrian crossing the street, now wearing a pink jacket and carrying a black bag. The pedestrian is seen walking across the street, with buildings and trees lining the road."
  },
  "./VRU_videos/DoTA/VRU_53.mp4": {
    "pred": "The video captures a moment of a traffic accident at an intersection. The sky is clear and blue, indicating fair weather conditions. The road is marked with white lane markings, and there are traffic lights visible in the background. The scene is bustling with various vehicles, including cars, motorcycles, and bicycles. The vehicles are in motion, and the traffic appears to be moving in the same direction. The pedestrian is crossing the street, and the cyclist is riding on the sidewalk. The cyclist is wearing a helmet and appears to be in motion. The cyclist's posture suggests they are in the process of crossing the street. The traffic lights are red, indicating a stop signal for the vehicles. The cyclist is wearing a helmet and is positioned in the middle of the crosswalk, waiting for the pedestrian to cross. The cyclist's posture suggests they are in the process of crossing the street. The traffic lights are red, indicating a stop signal for the vehicles. The cyclist is wearing a helmet and is positioned in the"
  },
  "./VRU_videos/DoTA/VRU_54.mp4": {
    "pred": "        The video captures a nighttime scene on a busy street, illuminated by various streetlights and traffic signals. The sky is dark, and the street is lined with buildings and advertisements. The traffic lights are green, indicating that vehicles are moving forward. The street is filled with cars and a few pedestrians, some of whom are crossing the street. The pedestrian appears to be in motion, possibly crossing the street. The video shows a car approaching the intersection, and the car's headlights are on, illuminating the road ahead. The car's speed is moderate, and it is moving towards the camera. The pedestrian is crossing the street, and their posture suggests they are in motion. The video captures the dynamic nature of the collision, with the car's headlights and taillights creating a bright streak as it approaches the intersection. The car's headlights are on, and the pedestrian is in motion, creating a blur as they cross the street. The video concludes with the car's headlights and taillights fading"
  },
  "./VRU_videos/DoTA/VRU_55.mp4": {
    "pred": "The video captures a moment of a city street intersection during the day. The sky is clear, and the sun is shining brightly. The traffic lights are red, indicating a stop signal. The road is divided into lanes, and there are several cars and a motorcycle visible. The buildings in the background are modern, with glass facades reflecting the sunlight. Pedestrians are seen crossing the street, and a person in a blue jacket is riding a motorcycle. The video shows the motorcycle approaching the intersection, and the pedestrian is crossing the street. The rider is wearing a helmet and appears to be in control of the motorcycle. The motorcycle is moving towards the intersection, and the pedestrian is crossing the street. The rider is wearing a helmet and appears to be in control of the motorcycle. The motorcycle is moving towards the intersection, and the pedestrian is crossing the street. The rider is wearing a helmet and appears to be in control of the motorcycle. The motorcycle is moving towards the intersection, and the pedestrian is"
  },
  "./VRU_videos/DoTA/VRU_56.mp4": {
    "pred": "        The video captures a moment of a vehicle collision in an urban setting. The scene is set on a street lined with multi-story buildings, some of which have balconies. The sky is overcast, and the road appears to be a two-lane street with a median. The vehicles involved in the collision are a truck and a motorcycle. The truck is on the left side of the road, while the motorcycle is on the right side. The truck is moving towards the camera, while the motorcycle is moving away from the camera. The pedestrian is on the right side of the road, near the median, and appears to be in motion. The pedestrian is wearing dark clothing and is positioned near the blue signboard. The video shows the vehicles approaching each other, with the truck on the left side of the road and the motorcycle on the right side. The truck is moving towards the camera, while the motorcycle is moving away from the camera. The pedestrian is on the right side of the road,"
  },
  "./VRU_videos/DoTA/VRU_57.mp4": {
    "pred": "The video begins with a view of a busy road with multiple lanes, traffic lights, and various vehicles, including cars and a motorcycle. The sky is clear, and the road is surrounded by greenery and mountains in the distance. The scene transitions to a view from inside a vehicle, showing the dashboard with the time '7:46' and the date '2019/12/26'. The view then shifts to a view from the driver's perspective, showing the road ahead with a red traffic light and a pedestrian crossing. The scene then transitions to a view from the driver's perspective, showing the road ahead with a red traffic light and a pedestrian crossing. The view then shifts to a view from the driver's perspective, showing the road ahead with a red traffic light and a pedestrian crossing. The scene then transitions to a view from the driver's perspective, showing the road ahead with a red traffic light and a pedestrian crossing. The view then shifts to a view from"
  },
  "./VRU_videos/DoTA/VRU_58.mp4": {
    "pred": "The video captures a moment of a vehicle approaching a crossroad in a suburban area. The sky is clear, indicating fair weather conditions. The road is a two-lane asphalt surface with a median strip. There are several buildings with red roofs lining the road, and trees are visible on both sides. A white van is seen approaching the crossroad, and a cyclist is riding on the right side of the road. The cyclist appears to be in motion, and the van is stationary. The timestamp on the dashboard reads \"5:45 M/H 10:00 05:16 22,\" indicating the time, speed, and date of the video. The cyclist is wearing dark clothing, and the van is a light color. The video shows the cyclist approaching the crossroad, the van approaching from the opposite direction, and the cyclist riding on the right side of the road. The cyclist appears to be in motion, and the van is stationary. The timestamp on"
  },
  "./VRU_videos/DoTA/VRU_59.mp4": {
    "pred": "        The video begins with a view of a dark road at night, illuminated by the headlights of a vehicle. The road is flanked by buildings on both sides, and the sky is dark, indicating it is nighttime. The vehicle's headlights are on, casting a bright light on the road ahead. As the vehicle approaches a turn, the headlights of the vehicle and the vehicle's headlights become more prominent, and the vehicle's headlights are on again. The pedestrian, who is wearing a reflective vest, appears to be crossing the road. The pedestrian's posture suggests they are in motion, and the vehicle's headlights are on, casting a bright light on the road ahead. The pedestrian's clothing is reflective, making them visible to the vehicle's headlights. The video concludes with the vehicle's headlights on again, casting a bright light on the road ahead. The vehicle's headlights are on again, casting a bright light on the road ahead. The vehicle's headlights are on again, casting a bright light on"
  },
  "./VRU_videos/DoTA/VRU_60.mp4": {
    "pred": "        The video captures a moment of a car accident in an urban setting. The scene opens with a view from inside a car, looking out through the windshield. The road is lined with trees and buildings, and the sky is clear. The car is approaching a traffic intersection, where several other vehicles are visible, including a white SUV and a silver car. The traffic light is red, indicating that the car is about to stop. The pedestrian, dressed in a white shirt and dark pants, is crossing the street at the intersection. The pedestrian appears to be in motion, with their body slightly turned towards the car. The car is in the process of making a turn, and the driver is visible in the driver's seat. The scene is dynamic, with the car's movement and the pedestrian's actions creating a sense of urgency. The timestamp on the dashboard indicates that the video was recorded at 10:54:49."
  },
  "./VRU_videos/DoTA/VRU_61.mp4": {
    "pred": "        The video captures a nighttime scene on a city street, illuminated by streetlights and the headlights of passing vehicles. The road is lined with buildings and street signs, and the sky is dark, indicating it is night. The traffic consists of several cars and a pedestrian, all moving in the same direction. The pedestrian is seen walking across the street, and the vehicles are following the pedestrian's path. The video shows the vehicles approaching the pedestrian from the opposite direction, with the pedestrian crossing the street in front of the vehicles. The vehicles are moving at a moderate speed, and the pedestrian appears to be in motion, although the exact speed is not clear. The video does not show any significant changes in the pedestrian's behavior or the vehicles' movements."
  },
  "./VRU_videos/DoTA/VRU_62.mp4": {
    "pred": "        The video captures a moment of a traffic accident in an urban setting. The scene is dominated by a busy street with multiple lanes filled with various vehicles, including cars, buses, and motorcycles. The road is marked with yellow lines, indicating a two-way traffic system. The sky is overcast, suggesting a cloudy day. The buildings in the background are modern, with large glass windows reflecting the surroundings. Pedestrians are visible on the sidewalks, some of whom are carrying bags or backpacks. The video shows a cyclist approaching the intersection, which is a common occurrence in urban areas. The cyclist is wearing a helmet and appears to be in motion, approaching the traffic. The cyclist's posture suggests they are cautious and possibly trying to avoid the traffic. The traffic lights are visible, with one showing a red signal, indicating a stop for the vehicles. The timestamp on the video reads '2019/04/14 13:16:18', suggesting the"
  },
  "./VRU_videos/DoTA/VRU_63.mp4": {
    "pred": "        The video captures a car crash in an urban setting. The scene is set on a tree-lined street with buildings on both sides. The sky is overcast, and the road is marked with a speed limit sign. The car, which is yellow, is seen approaching from the left side of the frame, while the pedestrian, dressed in a red shirt and dark pants, is seen running towards the car from the right side of the frame. The pedestrian appears to be in a hurry, as indicated by their running posture. The car's speed is moderate, and the pedestrian's movement is swift, suggesting a high-speed collision. The video concludes with the car and pedestrian both moving away from the camera, indicating the end of the collision."
  },
  "./VRU_videos/DoTA/VRU_64.mp4": {
    "pred": "        The video captures a car crash on a city street. The scene is set during the day under clear skies, with a few clouds scattered across the blue expanse. The road is lined with trees and buildings, and there are multiple lanes of traffic. The car in the video is a white van, and it is seen approaching a pedestrian crossing. The pedestrian, dressed in dark clothing, is seen crossing the street, and the car is seen approaching from behind. The pedestrian appears to be in a hurry, as indicated by their posture and the fact that they are crossing the street. The car is seen making a right turn at the intersection, and the pedestrian is seen crossing the street at the same time. The car is seen making a left turn at the intersection, and the pedestrian is seen crossing the street at the same time. The car is seen making a right turn at the intersection, and the pedestrian is seen crossing the street at the same time. The car is seen making a left turn"
  },
  "./VRU_videos/DoTA/VRU_65.mp4": {
    "pred": "        The video captures a moment of a crash in an urban setting. The scene is set on a tree-lined street with buildings on both sides. The sky is overcast, suggesting it might be a cloudy day. The road is divided by a double yellow line, and there are several vehicles, including a red bus and a white car, visible in the distance. The pedestrian, dressed in a blue jacket and dark pants, is seen in the foreground, attempting to cross the street. The crash appears to have occurred suddenly, with the pedestrian's posture indicating a fall. The red bus is in the process of making a turn, and the white car is following behind. The video shows the aftermath of the crash, with the pedestrian lying on the ground and the vehicles moving away from the scene."
  },
  "./VRU_videos/DoTA/VRU_66.mp4": {
    "pred": "The video captures a dramatic scene of a bus crash. The bus, which is white with yellow and red text, is severely damaged with its front end crumpled and the windshield shattered. The bus is surrounded by several people who appear to be in shock, with some standing close to the bus and others walking away. The road is wet, indicating recent rain, and the sky is overcast, suggesting a gloomy day. The surrounding buildings are multi-story, with balconies and windows visible, and there are trees lining the street. The bus is positioned in the center of the frame, with the people scattered around it, some closer to the camera and others further away. The video concludes with the bus still in the frame, with the people dispersed around it."
  },
  "./VRU_videos/DoTA/VRU_67.mp4": {
    "pred": "        The video captures a nighttime scene at an intersection where a car has crashed into a pedestrian. The car's headlights are on, illuminating the dark road and the surrounding area. The pedestrian, dressed in dark clothing, is lying on the ground, appearing to be injured. The traffic lights are green, indicating that the car has come to a stop. The surrounding environment is illuminated by streetlights and the glow from the car's headlights. The pedestrian's posture suggests they were in the process of crossing the road when the car hit them. The car's headlights are on, casting a bright light on the road ahead. The pedestrian's body language indicates they were in a vulnerable position, possibly due to the impact. The car's headlights are on, casting a bright light on the road ahead. The pedestrian's body language indicates they were in a vulnerable position, possibly due to the impact. The car's headlights are on, casting a bright light on the road ahead. The pedestrian's body language indicates"
  },
  "./VRU_videos/DoTA/VRU_68.mp4": {
    "pred": "The video captures a car crash from the perspective of the driver's seat. The scene is set on a city street during sunset, with a yellow truck in the foreground, its back covered with a yellow tarp. The sky is a mix of blue and orange hues, indicating the time is either dawn or dusk. The road is lined with buildings and street signs, and there are other vehicles and pedestrians in the background. The car's windshield wipers are visible, and the dashboard displays the text 'CAR CRASH TIME' and '18', likely indicating the time and channel of the video. The truck's license plate reads '222222'. The video shows the truck making a right turn onto the street, and the driver appears to be reacting to the sudden change in the traffic situation. The pedestrian, dressed in dark clothing, is seen walking on the sidewalk, seemingly unaffected by the crash. The car's headlights are on, illuminating the road ahead. The video concludes"
  },
  "./VRU_videos/DoTA/VRU_69.mp4": {
    "pred": "The video captures a 360-degree view from inside a vehicle, providing a comprehensive perspective of the road ahead. The sky is overcast, and the road is lined with trees and buildings on both sides. The vehicle's speed is 27 km/h, and the time elapsed is 10:10:06. The pedestrian, dressed in a red jacket, is seen walking away from the vehicle, moving towards the right side of the frame. The vehicle's speed is 32 km/h, and the time elapsed is 10:11:01. The pedestrian's posture suggests they are in motion, and the vehicle's speed is 22 km/h, and the time elapsed is 10:12:02. The road appears to be a two-lane road with a median, and there are no other vehicles or pedestrians visible in the immediate vicinity. The video concludes with the pedestrian crossing the road, indicating the end of"
  },
  "./VRU_videos/DoTA/VRU_70.mp4": {
    "pred": "        The video captures a car crash on a city street. The scene is set during the day with clear skies and a few buildings visible in the background. The road is lined with trees and streetlights, and there are several cars and a bus in the background. The car in the foreground is a silver sedan with a license plate that reads \"H777M\". The car is in motion, approaching a red traffic light, and is positioned in the right lane. The driver appears to be focused on the road ahead. The pedestrian in the background is walking on the sidewalk, and the pedestrian's posture suggests they are in motion. The car's speed is moderate, and the driver's reaction is not visible in the frame. The video shows the car's trajectory as it approaches the red light, and the car's movement is consistent with the speed of the vehicle. The pedestrian's movement is also consistent with the pedestrian's posture. The video concludes with the car approaching the red light and the"
  },
  "./VRU_videos/DoTA/VRU_71.mp4": {
    "pred": "        The video captures a car accident on a busy street. The scene is set during the day, with a clear sky and daylight. The road is lined with buildings and shops, and there are several cars and a bus visible in the background. The car in the foreground is a white hatchback with a visible license plate, and it is positioned in the middle of the street, facing the direction of traffic. The pedestrian, dressed in a dark jacket and pants, is seen approaching the car from the right side, attempting to push it out of the way. The car's driver, wearing a white shirt, is seen in the driver's seat, looking towards the pedestrian. The car's brake lights are on, indicating that it is slowing down or stopping. The pedestrian's posture suggests that they are trying to avoid the collision. The video concludes with the car and pedestrian both moving away from the scene, with the car's brake lights still on."
  },
  "./VRU_videos/DoTA/VRU_72.mp4": {
    "pred": "        The video captures a car crash in an urban setting. The scene is set on a street with buildings on both sides, and the sky is clear. The car, which is white with the number '33' on the back, is seen approaching a pedestrian crossing. The pedestrian, dressed in an orange shirt and dark shorts, is crossing the street. The car's speed is moderate, and it is positioned in the center of the frame, with the pedestrian on the left side of the frame. The pedestrian appears to be in motion, with their body slightly turned towards the car. The car's trajectory is straight ahead, and it is moving towards the right side of the frame. The pedestrian's posture suggests they are in a state of alertness, possibly due to the sudden movement of the car. The video concludes with the car and pedestrian in close proximity, with the car's headlights on and the pedestrian's body slightly turned towards the car."
  },
  "./VRU_videos/DoTA/VRU_73.mp4": {
    "pred": "The video captures a car crash on a two-lane road. The sky is clear and blue, indicating fair weather conditions. The road is marked with white lane markings and has a median strip. The surrounding environment includes buildings, trees, and a tall red structure, possibly a power line tower. The car is moving from left to right, and the pedestrian is crossing the road. The car's speed is moderate, and the pedestrian appears to be in motion, with their posture suggesting they are crossing the road. The video shows the car's approach, the pedestrian's movement, and the final impact of the collision."
  },
  "./VRU_videos/DoTA/VRU_74.mp4": {
    "pred": "        The video captures a car accident in a suburban area. The scene is set on a two-lane road with a crosswalk marked by white stripes. The sky is overcast, and the road is lined with trees and buildings. The car, which appears to be a dark-colored sedan, is seen approaching the crosswalk. The pedestrian, dressed in a blue jacket and dark pants, is crossing the road. The car then veers off the road, causing the pedestrian to fall onto the sidewalk. The car then re-enters the road, and the pedestrian is seen walking away from the accident site. The video concludes with the car continuing on the road, while the pedestrian is no longer visible."
  },
  "./VRU_videos/DoTA/VRU_75.mp4": {
    "pred": "        The video captures a nighttime scene on a city street, illuminated by streetlights and the headlights of passing vehicles. The sky is dark, and the buildings on either side of the street are lit up, indicating it is late in the evening. The street is lined with parked cars on both sides, and there are a few moving vehicles, including a car with its headlights on and a pedestrian crossing the street. The pedestrian appears to be in motion, possibly crossing the street. The timestamp on the screen indicates the time as 20:19. The video shows a sequence of images, with the first image showing the street at night with a few moving vehicles and a pedestrian crossing the street. The second image shows the pedestrian approaching the street, with the car with its headlights on and the pedestrian in motion. The third image shows the pedestrian crossing the street, with the car with its headlights on and the pedestrian in motion. The fourth image shows the pedestrian crossing the street, with the car with"
  },
  "./VRU_videos/DoTA/VRU_76.mp4": {
    "pred": "The video captures a car accident in an urban setting. The scene is set on a busy street with multiple lanes filled with various vehicles, including cars, buses, and trucks. The sky is clear, indicating fair weather conditions. The timestamp on the video reads '20/16 16:28:26 MVT 353'. The video shows a car approaching a pedestrian crossing, who is crossing the street in front of the car. The pedestrian is wearing a white helmet and shorts, and they appear to be in motion, possibly attempting to cross the street. The car is in the process of making a turn, and the pedestrian is seen in the crosswalk, waiting for the car to pass. The traffic lights are visible, indicating that the accident occurred at an intersection. The overall scene is a typical urban traffic scenario with a focus on the interaction between vehicles and pedestrians."
  },
  "./VRU_videos/DoTA/VRU_77.mp4": {
    "pred": "The video captures a moment of a traffic accident at an intersection. The scene is set in an urban area with buildings and trees lining the street. The sky is overcast, suggesting it might be a cloudy day. The road is marked with white crosswalk lines, and there are several cars and a truck visible. The vehicles involved in the accident are a white car, a gray car, and a dark-colored car. The white car is in the process of crashing into the gray car, causing it to lose control and collide with the dark-colored car. The dark-colored car is also involved in the collision, and both vehicles are seen moving away from the accident scene. The video shows the aftermath of the crash, with the vehicles still moving and the road surface wet from the impact. The timestamp on the video indicates it was taken on 'X月X日X时X分X秒' (X月X日X时X分X秒), which translates to 'X月X日X"
  },
  "./VRU_videos/DoTA/VRU_78.mp4": {
    "pred": "        The video captures a moment of a city street during the day, with a clear sky and a few clouds. The street is lined with tall, modern buildings, and the road is wet, suggesting recent rain. The traffic consists of various vehicles, including cars, a bus, and a motorcycle. A pedestrian is seen crossing the street, wearing a red jacket and carrying a bag. The timestamp on the video indicates it was taken on 19th of November at 4:42 PM. The video shows the pedestrian approaching the intersection, and the vehicles are moving in the same direction. The motorcycle is seen approaching the pedestrian, and the pedestrian is seen crossing the street. The timestamp on the video indicates it was taken on 19th of November at 4:42 PM. The video shows the pedestrian approaching the intersection, and the vehicles are moving in the same direction. The timestamp on the video indicates it was taken on 19th of November at 4:"
  },
  "./VRU_videos/DoTA/VRU_79.mp4": {
    "pred": "        The video begins with a view of a snowy street in an urban area, with a large multi-story building on the left and a tall building on the right. The sky is overcast, and the ground is covered in snow. The scene is bustling with activity, with several cars and pedestrians visible. The buildings have a mix of modern and traditional architectural styles, with some featuring balconies and others having large windows. The street is lined with trees and streetlights, and there are traffic lights visible. The video captures the movement of vehicles and pedestrians as they navigate the snowy street, with some cars driving and others stopping or turning. The pedestrian appears to be walking along the sidewalk, and the vehicles are moving in different directions. The timestamp on the video indicates it was taken on January 19, 2019, at 16:11:07."
  },
  "./VRU_videos/DoTA/VRU_80.mp4": {
    "pred": "The video captures a moment of a traffic accident on a road. The sky is overcast, and the road is wet, indicating recent rain. The vehicles are stationary, and the traffic light is red. The scene is dominated by the white car in the foreground, which is approaching the intersection. The white car is followed by a black car, and a motorcycle is seen in the distance. Pedestrians are present, with one person standing on the sidewalk and another walking on the sidewalk. The pedestrian on the sidewalk is holding an umbrella. The timestamp on the video reads '5:50 H 2019 10:02:45'."
  },
  "./VRU_videos/DoTA/VRU_81.mp4": {
    "pred": "The video captures a chaotic scene on a city street. The sky is overcast, and the road is lined with tall, multi-story residential buildings. The street is filled with various vehicles, including cars, a large truck, and a red car. The traffic appears to be moving in both directions, with some vehicles stopped at a red light. The windshield of the vehicle from which the video is taken is cracked, indicating a recent collision. The pedestrian, dressed in a dark jacket and a red beanie, is seen walking across the street, seemingly unaffected by the crash. The pedestrian's posture suggests they are in motion, possibly trying to avoid the crash. The video concludes with the pedestrian crossing the street, leaving the road empty."
  },
  "./VRU_videos/DoTA/VRU_82.mp4": {
    "pred": "        The video begins with a view of a city street lined with tall, multi-story residential buildings. The sky is overcast, and the road is relatively empty with a few parked cars and a pedestrian crossing the street. The timestamp reads '18:14:21 21 Abbe 30'. As the video progresses, a car enters the frame from the left side, and the pedestrian, dressed in dark clothing, appears to be crossing the street. The car then moves forward, and the pedestrian continues to walk across the street. The car then moves further down the street, and the pedestrian is seen walking towards the right side of the frame. The video concludes with the pedestrian crossing the street and the car moving away from the camera."
  },
  "./VRU_videos/DoTA/VRU_83.mp4": {
    "pred": "        The video captures a moment of a traffic accident in an urban setting. The scene is set on a busy street with multiple lanes filled with various vehicles, including cars and a truck. The sky is overcast, suggesting it might be early morning or late afternoon. The buildings in the background are multi-storied, with some displaying signage and advertisements. Pedestrians are visible on the sidewalks, some of whom are crossing the street. The video shows a white SUV with its brake lights on, indicating it is slowing down or stopping. The timestamp on the dashboard reads '18:40:36:34:29', indicating the time of the video. The scene is dynamic, with vehicles moving in different directions and pedestrians crossing the street. The video concludes with the SUV moving forward, while the pedestrian is crossing the street."
  },
  "./VRU_videos/DoTA/VRU_84.mp4": {
    "pred": "The video captures a nighttime scene on a residential street. The sky is dark, and the street is illuminated by the headlights of a red car and a white van. The road is lined with buildings on both sides, and there are no other vehicles or pedestrians visible in the immediate vicinity. The timestamp on the dashboard indicates that the video was recorded at 18:41:47 on February 12, 2019. The text '2019/02/12 18:41:47' is visible in the bottom right corner of the frame, indicating the date and time of the recording. The red car is moving towards the camera, while the white van is following behind. The red car is closer to the camera, and the white van is further away. The red car appears to be making a right turn, while the white van is following closely behind. The red car is moving at a moderate speed, and the white"
  },
  "./VRU_videos/DoTA/VRU_85.mp4": {
    "pred": "        The video captures a moment of a vehicle approaching a pedestrian on a road. The road is a two-lane concrete path with a green guardrail on the right side. The sky is overcast, and the surrounding area is foggy, giving a hazy appearance to the scene. The vehicle, which appears to be a white bus, is approaching from the left side of the frame. The pedestrian, dressed in dark clothing, is walking on the right side of the road, moving away from the vehicle. The guardrail is green and has a metal railing on the left side. The road is surrounded by trees with bare branches, indicating it might be late autumn or winter. The video shows the vehicle and pedestrian in motion, with the pedestrian appearing to be in a hurry. The vehicle is moving at a moderate speed, and the pedestrian is walking at a steady pace. The video captures the dynamic interaction between the vehicle and pedestrian, with the pedestrian's posture suggesting a hurried pace. The vehicle"
  },
  "./VRU_videos/DoTA/VRU_86.mp4": {
    "pred": "        The video captures a car crash on a two-lane road. The sky is clear, indicating fair weather conditions. The road is marked with white lane markings and a yellow center line. The surrounding environment includes trees and a clear blue sky. The car is moving from left to right, and the pedestrian is crossing the road. The car's speed is moderate, and the pedestrian appears to be in motion. The car's trajectory is slightly to the left of the pedestrian, and the pedestrian's posture suggests they are in the process of crossing. The video shows the car's approach to the pedestrian, and the pedestrian's movement towards the car. The car's speed is moderate, and the pedestrian's posture suggests they are in the process of crossing. The car's trajectory is slightly to the left of the pedestrian, and the pedestrian's posture suggests they are in the process of crossing. The car's speed is moderate, and the pedestrian's posture suggests they are in the process of crossing. The car"
  },
  "./VRU_videos/DoTA/VRU_87.mp4": {
    "pred": "        The video captures a nighttime scene on a city street, with a car in the foreground and a pedestrian in the background. The street is illuminated by streetlights and the glow of traffic lights. The car is moving towards the camera, and the pedestrian is walking on the sidewalk. The sky is dark, indicating it is nighttime. The car's headlights are on, and the street is lined with buildings and street signs. The pedestrian appears to be wearing dark clothing and is walking in the direction of the car. The car's headlights are on, and the street is lined with buildings and street signs. The pedestrian appears to be wearing dark clothing and is walking in the direction of the car. The car's headlights are on, and the street is lined with buildings and street signs. The pedestrian appears to be wearing dark clothing and is walking in the direction of the car. The car's headlights are on, and the street is lined with buildings and street signs. The pedestrian appears to be wearing dark clothing"
  },
  "./VRU_videos/DoTA/VRU_88.mp4": {
    "pred": "The video captures a car accident on a suburban street. The scene is set during the day with overcast skies. The road is lined with trees and there are various vehicles, including cars and a bus, visible in the background. The car in the foreground is a dark-colored hatchback, and it is seen approaching a pedestrian who is standing on the sidewalk. The pedestrian is dressed in casual clothing and appears to be in a vulnerable position, possibly injured. The car driver, wearing a brown jacket and jeans, is seen approaching the pedestrian, seemingly trying to assist or intervene. The car's speed is moderate, and the pedestrian's posture suggests they are in a vulnerable position. The video concludes with the car driver approaching the pedestrian, who is still on the sidewalk, and the car driver approaching the pedestrian from the opposite direction. The car's speed is moderate, and the pedestrian's posture suggests they are in a vulnerable position. The video concludes with the car driver approaching the pedestrian, who is still on"
  },
  "./VRU_videos/DoTA/VRU_89.mp4": {
    "pred": "        The video captures a moment of a car accident in an urban setting. The scene is set on a street with multiple vehicles, including a dark-colored car, a white bus, and several other cars. The sky is overcast, and the road appears wet, possibly due to recent rain. The traffic lights are visible, indicating a controlled intersection. The pedestrian, dressed in dark clothing, is seen walking across the street, seemingly unaffected by the accident. The car's headlights are on, and the vehicle's license plate is visible. The video shows the car approaching the intersection, and the pedestrian is seen crossing the street. The car's headlights are on, and the vehicle's license plate is visible. The video captures the aftermath of the accident, with the car moving away from the scene and the pedestrian walking away from the accident."
  },
  "./VRU_videos/DoTA/VRU_90.mp4": {
    "pred": "The video captures a chaotic scene of a car accident in an urban setting. The sky is partly cloudy, and the road is busy with multiple vehicles, including cars and a truck. The scene is set in a city intersection with buildings and street signs visible in the background. A pedestrian is seen walking on the sidewalk, while a car is driving on the road. The car in the foreground is a black SUV, and the pedestrian is walking towards the car. The car in the background is a dark-colored SUV. The sky is blue with scattered clouds, and the overall atmosphere is one of disorder and urgency. The video shows the aftermath of the accident, with the car and pedestrian involved in a collision. The car is seen moving forward, while the pedestrian is seen walking away from the car. The car's speed is not visible, but the pedestrian's posture suggests movement. The video concludes with the car and pedestrian moving away from the scene, indicating the end of the accident."
  },
  "./VRU_videos/DoTA/VRU_91.mp4": {
    "pred": "        The video begins with a view from inside a car, looking out through the windshield onto a city street. The sky is overcast, and the street is lined with tall buildings on both sides. The road appears to be wet, possibly due to recent rain, and there are puddles visible on the asphalt. The traffic is moderate, with several cars and a few pedestrians visible on the sidewalks. The pedestrian is walking on the sidewalk, dressed in dark clothing, and appears to be in motion. The car's windshield wipers are in motion, indicating that the vehicle is in the process of moving. The timestamp on the screen reads \"2019/05/26 16:24:24,\" indicating the time and date of the video. The car's speed is not clearly visible, but it appears to be moving at a moderate to high speed. The overall scene suggests a typical day in an urban environment with moderate traffic and pedestrian activity."
  },
  "./VRU_videos/DoTA/VRU_92.mp4": {
    "pred": "The video captures a moment of a traffic accident at a busy intersection during the early evening. The sky is clear with a gradient of colors from blue to orange, indicating the sun is setting. The intersection is filled with various vehicles, including cars, buses, and trucks, and there are multiple traffic lights visible. The pedestrian, dressed in dark clothing, is seen crossing the street, and the vehicles are in motion, with some vehicles appearing to be in the process of turning or changing lanes. The timestamp on the screen indicates the time as 14:14:21."
  },
  "./VRU_videos/DoTA/VRU_93.mp4": {
    "pred": "The video captures a car crash on a snowy road. The scene is set during the day, with overcast skies and snow on the ground. The road is lined with streetlights and buildings, and there are other vehicles and pedestrians in the background. The car in the foreground is a blue Chevrolet, and it is traveling on the right side of the road. The driver appears to be wearing a helmet and is focused on the road ahead. The pedestrian, dressed in dark clothing, is standing on the road, possibly trying to avoid the car. The car's speed is moderate, and the driver's reaction is not visible. The pedestrian's posture suggests they are trying to avoid the car. The timestamp on the video indicates it was taken at 00:00:31 on April 4, 2018."
  },
  "./VRU_videos/DoTA/VRU_94.mp4": {
    "pred": "The video begins with a view from inside a vehicle, looking out through the windshield. The road ahead is clear, and the sky is overcast. On the left side of the road, there is a gas station with a red and white canopy, and a sign that reads '999'. The road is marked with white lines, and there is a pedestrian crossing the street. The vehicle is moving forward, and the pedestrian appears to be crossing the road. The timestamp on the screen indicates it is 11:53 on February 19, 2019. The scene is calm with no other vehicles or pedestrians visible."
  },
  "./VRU_videos/DoTA/VRU_95.mp4": {
    "pred": "        The video captures a car crash on a snowy road. The scene is set in a residential area with buildings and a large truck visible in the background. The sky is overcast, and the road is covered with snow, indicating a winter setting. The video shows a car approaching a pedestrian who is attempting to clear the snow from the road. The pedestrian is wearing a blue jacket and is seen bending down to remove the snow from the car. The car driver, dressed in a dark jacket, is seen approaching the pedestrian from behind, attempting to clear the snow from the car. The car's speed is slow, and the pedestrian's posture suggests that they are trying to remove the snow from the car. The video concludes with the car driver approaching the pedestrian from behind, and the pedestrian attempting to remove the snow from the car."
  },
  "./VRU_videos/DoTA/VRU_96.mp4": {
    "pred": "        The video captures a nighttime scene at an intersection with multiple vehicles and a pedestrian. The sky is dark, and the street is illuminated by streetlights. The traffic lights are green, indicating that the vehicles are moving forward. The pedestrian, dressed in dark clothing, is crossing the street at a crosswalk. The vehicles, including a red car and a white car, are moving in the same direction as the pedestrian. The traffic appears to be moderate, with no significant congestion. The timestamp on the video reads \"HW 09/03/2019 03:28:28,\" indicating the time and date of the recording."
  },
  "./VRU_videos/DoTA/VRU_97.mp4": {
    "pred": "        The video captures a moment of a vehicle crash on a wet road. The sky is overcast, and the road is slick with rain, reflecting the surrounding environment. The traffic lights are green, indicating that the vehicle is proceeding. The road is divided by a median, and there are multiple lanes visible. The vehicle is moving towards the right side of the frame, while the pedestrian is crossing the road. The pedestrian is wearing a yellow helmet and appears to be in motion, with their body slightly tilted forward. The vehicle's speed is moderate, and the trajectory of the vehicle is slightly to the left of the pedestrian. The final impact of the crash is not visible in the video."
  },
  "./VRU_videos/DoTA/VRU_98.mp4": {
    "pred": "        The video captures a nighttime scene on a snowy street. The road is lined with snowbanks on both sides, and the streetlights cast a warm glow on the wet asphalt. The sky is dark, indicating it is night. The video shows a car approaching a traffic intersection, with its headlights on and its brake lights on. The car is in the process of making a turn, and the driver is visible through the windshield. The pedestrian, dressed in winter clothing, is crossing the street, and the car is making a right turn. The pedestrian appears to be in motion, and the car is following the pedestrian. The video concludes with the car making a left turn and the pedestrian crossing the street."
  },
  "./VRU_videos/DoTA/VRU_99.mp4": {
    "pred": "The video captures a moment of a traffic accident in an urban setting. The scene is dominated by a white car with a license plate that reads 'AP 6870'. The car is positioned in the center lane, facing the camera, and appears to be in motion. The background shows a busy street with multiple lanes, traffic lights, and buildings. The sky is overcast, and the road surface is wet, indicating recent rain. The traffic light is red, and the pedestrian is walking on the sidewalk, dressed in dark clothing. The white car is in the process of making a turn, and the white van is following closely behind. The scene is bustling with activity, and the video captures the aftermath of the accident, with the car and van moving away from the camera."
  },
  "./VRU_videos/DoTA/VRU_100.mp4": {
    "pred": "The video captures a car crash in an urban setting. The scene is set on a street with multiple cars and a pedestrian. The sky is clear, indicating fair weather conditions. The buildings in the background are multi-story, with balconies and windows visible. The road is marked with traffic signs and signals, and there are trees lining the street. The car that has crashed into the pedestrian is a red SUV, and the pedestrian is a woman in a red jacket. The woman is standing on the sidewalk, looking towards the crash. The car that has crashed into the pedestrian is a blue car, and the woman is standing on the sidewalk, looking towards the crash. The video shows the aftermath of the crash, with the red SUV still on the road and the blue car on the sidewalk. The woman is seen walking away from the crash, and the red SUV is seen moving away from the crash. The video concludes with the red SUV still on the road, and the blue car on the sidewalk."
  }
}