{
  "./VRU_videos/DoTA/VRU_1.mp4": {
    "pred": "The video begins with a view from inside a vehicle, showing the dashboard and windshield. The timestamp on the video reads \"2019/04/02 07:17:56\" and the speedometer indicates shows at 78 KM/H. The road ahead is straight with a clear sky and the sun low on the horizon, indicating either early morning or late afternoon. There are power lines and leafless trees lining the road.\n\nAs the vehicle continues to move forward, the speed increases to 88 KM/H. A cyclist wearing dark clothing appears on the right side of the road, moving in the same direction as the vehicle. The cyclist is riding a bicycle with a front basket. The vehicle maintains a safe distance from the cyclist.\n\nThe cyclist then moves out of the frame, and the vehicle continues to drive down the road. The speed decreases to 63 KM/H, and the vehicle passes by a white car parked on the side of the road"
  },
  "./VRU_videos/DoTA/VRU_2.mp4": {
    "pred": "The video is a dashcam recording from the \"CAR CRASHES TIME\" YouTube channel, dated 2015/11/28 at 14:29:58. The scene takes place on a busy urban street with multiple lanes of traffic and buildings lining both sides. The sky is clear, indicating fair weather conditions.\n\nInitially, the view shows from the perspective of a vehicle's dashboard camera, showing a pedestrian crossing the street in the middle of the frame. The pedestrian is wearing a red jacket and dark pants. As the pedestrian begins to cross, a black car approaches from the left side of the frame, moving towards the pedestrian. The car appears to be in motion, as indicated by its position relative to the pedestrian and other to the camera's viewpoint.\n\nAs the pedestrian continues to cross, the black car gets closer, and it becomes apparent that the car is not stopping. The pedestrian's posture suggests they are unaware or unprepared for the approaching vehicle."
  },
  "./VRU_videos/DoTA/VRU_3.mp4": {
    "pred": "The video is a dashcam recording from a car's perspective, showing a busy urban intersection under clear blue skies. The scene includes multiple lanes of traffic with various vehicles such as cars, trucks, and a bus. The road appears to be a multi-lane highway or a major city street, with tall residential buildings lining the sides.\n\nAt the beginning of the video, the car is stationary at a red traffic light. In front of the car, there is a silver sedan with a visible license plate. To the right, there is a white sedan. The traffic lights are clearly visible, with the red light illuminated for the car's lane.\n\nAs the video progresses, a pedestrian wearing dark clothing appears in the middle of the intersection, seemingly crossing from one side to the other. The pedestrian is moving quickly and appears to be in a hurry. A few moments later, a black SUV approaches from the left side of the frame, moving towards the pedestrian. The SUV's trajectory suggests it is attempting to"
  },
  "./VRU_videos/DoTA/VRU_4.mp4": {
    "pred": "The video begins with a view from a vehicle's dashboard camera, showing a city street lined with buildings on the left and a pedestrian crossing in the center. The sky is overcast, suggesting it might be a cloudy day. A white truck is seen approaching from behind the vehicle. As the truck gets closer, a person on a bicycle appears to be crossing the road from the left side of the frame towards the right. The cyclist is wearing a dark jacket and jeans, and the bicycle has a basket attached to the front.\n\nAs the truck continues to approach, the cyclist starts to move forward, crossing the pedestrian crossing. The cyclist then stops abruptly, causing the bicycle to tilt forward. The cyclist appears to be in distress, possibly having fallen or been startled. The truck driver seems unaware of the cyclist's sudden stop and continues to drive forward, almost colliding with the cyclist.\n\nThe cyclist quickly regains composure and attempts to move the bicycle out of the way. The truck driver, realizing the"
  },
  "./VRU_videos/DoTA/VRU_5.mp4": {
    "pred": "The video captures a nighttime scene from the perspective of a vehicle's dashboard camera. The timestamp on the footage reads 2019/06/13 at 18:43:33, and the location is indicated as \"中国\" (China). The road ahead is dark, with the vehicle's headlights illuminatinging the path. There are white crosswalk lines visible on the road, indicating pedestrian crossings.\n\nAs the vehicle moves forward, it approaches a pedestrian crossing. The pedestrian, who appears to be wearing dark clothing, is seen walking across the road from left to right. The vehicle maintains a steady speed, following the traffic rules, and there are no other any signs of imminent danger or collision.\n\nHowever, as the vehicle continues to move forward, the pedestrian suddenly changes direction and starts running towards the vehicle. The vehicle driver reacts quickly by applying the brakes, but the pedestrian continues to run towards the vehicle, ignoring the danger.\n\nThe vehicle comes to a stop just"
  },
  "./VRU_videos/DoTA/VRU_6.mp4": {
    "pred": "The video captures a nighttime scene on a two-lane road, viewed from the perspective of a vehicle's dashboard camera. The timestamp indicates the footage was taken on February 13, 2019, at 19:38:28. The road is illuminated by the headlights of the vehicle and other of the following cars, with the sky darkening as night falls.\n\nIn the initial frames, the vehicle is traveling at a speed of 88 KM/H. The road is bordered by trees on the left and a hill on the right, which is adorned with illuminated structures that appear to be buildings or towers. The road surface looks wet, possibly due to recent rain, as indicated by the reflections of the lights on the asphalt.\n\nAs the vehicle continues to move forward, it approaches a pedestrian crossing the road from left to right. The pedestrian is wearing dark clothing and appears to be in motion, seemingly unaware of the approaching vehicles. The vehicle's speed decreases to"
  },
  "./VRU_videos/DoTA/VRU_7.mp4": {
    "pred": "The video begins with a nighttime scene captured from the perspective of a vehicle's dashboard camera. The timestamp on the footage reads \"2019/03/18 20:01:26.\" The road is illuminated by streetlights, and several vehicles are visible in the distance, their taillights glowing red against the dark backdrop. The sky is clear, indicating good weather conditions.\n\nAs the vehicle moves forward, it approaches an intersection where the traffic light is red. The text \"红绿灯\" (traffic light) and \"左转灯开\" (left turn signal on) appears in the top left corner of the screen, indicating that the vehicle is preparing to make a left turn. The vehicle slows down as it reaches the intersection, aligning itself with the left turn lane.\n\nA large red truck, which appears to be a fire truck based on its color and markings, is seen on the left side of the road. The truck is stationary, possibly"
  },
  "./VRU_videos/DoTA/VRU_8.mp4": {
    "pred": "The video is a dashcam recording from a car driving on a snowy road. The timestamp in the top right corner indicates the time as 14:36:25, and the date is 02.01.2023. The weather appears to be overcast with low visibility due to the snow. The road is covered with snow and ice, indicating challenging driving conditions.\n\nAs the car progresses, it approaches an intersection where a pedestrian is crossing the road. The pedestrian is wearing dark clothing and appears to be in motion, possibly walking or running across the street. There are several traffic signs visible, including a no entry sign and a pedestrian crossing sign.\n\nA black car is seen approaching from the left side of the frame, moving towards the pedestrian. The black car appears to be traveling at a moderate speed, but not exceeding the speed limit for such conditions. As the black car gets closer to the pedestrian, it seems to be attempting to stop or slow down,"
  },
  "./VRU_videos/DoTA/VRU_9.mp4": {
    "pred": "The video captures a sequence of events on a snowy day, focusing on a beige-colored car with the license plate \"C 7388 TT 22\" and a sign on the rear window that reads \"РОБОТ ПИРЕСОМ\" (Robot Piresom) along with a phone number \"8 83525 25-46-53\" and the website \"robot.ru\". The timestamp indicates the footage is from January 1, 2011, at 15:13:58.\n\nInitially, the car is stationary in the middle of a snow-covered road. The background showss a winter scene with snow-covered trees and buildings, and a pedestrian crossing the street carrying a bag. The car's brake lights are on, indicating it is stationary or slowing down.\n\nAs time progresses, the pedestrian moves out of the frame to the left, and another vehicle, a silver car, appears on the"
  },
  "./VRU_videos/DoTA/VRU_10.mp4": {
    "pred": "The video begins with a view of a busy urban intersection, captured from the perspective of a vehicle's dashboard camera. The scene is set on a rainy day, as evidenced by the wet road surface and overcast sky. Tall apartment buildings line both sides of the street, and overhead tram lines crisscross above the road, indicating a well-developed public transportation system.\n\nInitially, the intersection is moderately busy with several vehicles, including a white truck in the left lane and a silver car in the right lane. Pedestrians are visible on the sidewalks, and traffic lights control the flow of vehicles. The timestamp in the top right corner indicates it is 8:38.\n\nAs the video progresses, a pedestrian wearinging dark clothing and a beanie appears to be crossing the road from left to right. The pedestrian is seen in various stages of crossing, from standing at the edge of the crosswalk to fully in the middle of the intersection. The pedestrian's movements are deliberate and cautious, typical"
  },
  "./VRU_videos/DoTA/VRU_11.mp4": {
    "pred": "The video is a dashcam recording from a vehicle driving on a highway at night. The timestamp in the bottom left corner indicates the date and time as \"2018/11/17 22:02:39.\" The dashboard display shows \"绿灯亮起\" (green light is on) and \"安全行驶\" (safe driving), indicating that the vehicle is proceeding legally through an intersection or traffic signal.\n\nAs the vehicle moves forward, the road ahead is illuminated by the car's headlights, showing a clear two-lane highway with a solid white line dividing the lanes. The surrounding environment is dark, suggesting it is nighttime. There are a guardrail on the right side of the road, and the road surface appears to be dry.\n\nAt around 22:02:39, a pedestrian wearing a white shirt and dark pants suddenly appears in the middle of the road, moving from left to right across the lanes. The vehicle's headlights illuminate"
  },
  "./VRU_videos/DoTA/VRU_12.mp4": {
    "pred": "The video begins with a view from a dashcam inside a vehicle, showing a busy urban intersection. The timestamp on the dashcam reads \"2017/11/15 15:09:08\" and the location is indicated as \"ParkCity.\" The scene includes several vehicles, such as a white car in the foreground and an orange truck on the right side of the frame. Pedestrians are visible on the sidewalk, some of whom appear to be crossing the street. The traffic light is yellow, indicating that vehicles should prepare to stop or proceed with caution.\n\nAs the video progresses, the traffic light changes to red, and the vehicles begin to slow down or stop. The white car in the foreground moves slightly forward, while the orange truck remains stationary. Pedestrians continue to cross the street, and one person wearing a blue jacket and carrying a backpack appears to be walking across the crosswalk. The timestamp on the dashcam updates to \"20"
  },
  "./VRU_videos/DoTA/VRU_13.mp4": {
    "pred": "The video is a dashcam recording from the perspective of a vehicle driving down a narrow street in an urban area. The sky is overcast, suggesting it might be a cloudy or rainy day. The road is lined with parked cars on both sides and tall residential buildings can be seen in the background. The timestamp on the video reads 18 18, indicating it is likely recorded during the evening.\n\nAs the vehicle progresses, a pedestrian wearing dark clothing and a red hat appears on the right side of the frame, walking along the sidewalk. The pedestrian is moving in the same direction as the vehicle but at a slower pace. The vehicle maintains a safe distance from the pedestrian, maintaining a steady speed.\n\nSuddenly, the pedestrian steps off the sidewalk and into the path of the vehicle. The pedestrian's posture changes from walking to running, indicating a sudden reaction to the approaching vehicle. The vehicle driver reacts by slowing down and attempting to stop the vehicle, but it is too late. The pedestrian coll"
  },
  "./VRU_videos/DoTA/VRU_14.mp4": {
    "pred": "The video is a dashcam recording from the \"CAR CRASHES TIME YOUTUBE CHANNEL.\" It begins with a view of an urban street scene on a clear, sunny day. The road is relatively empty, with some snow visible on the sides. A red tram is seen approaching from a distance, moving towards the camera. The tram has a yellow stripe and some text on its side, but the details are not clear.\n\nAs the tram gets closer, it becomes apparent that there is a pedestrian crossing the street in front of it. The pedestrian is wearing dark clothing and appears to be walking at a normal pace. The tram continues to approach, and the pedestrian remains in the middle of the road, seemingly unaware of the approaching vehicle.\n\nThe tram gets very close to the pedestrian, who is now standing directly in the path of the vehicle. The tram's speed is not explicitly mentioned, but it appears to be moving at a moderate speed for a tram. The pedestrian does not move out of the"
  },
  "./VRU_videos/DoTA/VRU_15.mp4": {
    "pred": "The video begins with a nighttime scene captured from the perspective of a vehicle's dashboard camera. The road is illuminated by streetlights and the headlights of other vehicles, creating a well-lit environment despite the darkness. On the right side of the road, there is a large orange bus parked or stationary near the sidewalk. The road has two lanes, with a double yellow line in the center indicating no passing.\n\nAs the vehicle moves forward, it approaches the bus, which remains stationary. The bus has a reflective orange color with white stripes, making it highly visible against the night backdrop. The vehicle continues to move forward, and the bus starts to move as well, indicating that the bus was previously stationary.\n\nThe vehicle then turns right at an intersection, with the bus following suit. At the intersection, there are traffic lights and signs, including a pedestrian crossing sign. The vehicle proceeds through the intersection, and the bus follows behind.\n\nAs the vehicle exits the intersection, a pedestrian wearing dark clothing appears in the"
  },
  "./VRU_videos/DoTA/VRU_16.mp4": {
    "pred": "The video is a dashcam recording from the \"CAR CRASHES TIME\" YouTube channel, dated 2016/07/07 at 12:08:19. It begins with a clear view of a two-lane road flanked by trees and utility poles under a partly cloudy sky. The road has white lane markings and a yellow warning sign on the right side, indicating caution for cyclists or pedestrians.\n\nAs the video progresses, a pedestrian wearing a blue shirt and dark pants appears in the middle of the road, seemingly in distress or attempting to cross. The timestamp shows changes incrementally, showing the progression of time as the pedestrian remains in the same position.\n\nA black car approaches from the left lane, moving towards the pedestrian. The car's trajectory suggests it is not stopping, and the pedestrian's posture indicates they are not moving away from the vehicle. The car gets closer to the pedestrian, and the timestamp shows changes to 12:08"
  },
  "./VRU_videos/DoTA/VRU_17.mp4": {
    "pred": "The video captures a scene at an intersection during dusk, with the sky transitioning from blue to darker hues. The road is divided into multiple lanes, and there are traffic lights visible in the distance. Streetlights are on, illuminatinging the area. The text \"CAR CRASHES TIME\" and \"YOUTUBE CHANNEL\" is displayed in the top left corner of the screen, indicating that this footage is likely from a YouTube channel focused on car crashes.\n\nInitially, the scene shows a pedestrian crossing the street from left to right. The pedestrian is wearing dark clothing and appears to be in mid-stride. In the background, several vehicles are visible, including a white van and a red bus. The traffic lights are red, indicating that vehicles should stop.\n\nAs the video progresses, the pedestrian continues to cross the street. A motorcycle rider wearing a helmet and dark clothing appears on the right side of the frame, moving towards the pedestrian. The motorcycle rider seems to be in motion, as indicated by"
  },
  "./VRU_videos/DoTA/VRU_18.mp4": {
    "pred": "The video begins with a view from inside a vehicle, likely a taxi, driving down a city street. The timestamp on the footage is 2019/09/25 at 09:13:51. The street is lined with multi-story buildings, some of which have signs in Chinese characters, indicating a commercial area. The sky is clear and blue, suggesting good weather conditions.\n\nAs the vehicle moves forward, a pedestrian wearing dark clothing appears on the sidewalk on the right side of the frame. The pedestrian is standing near a metal fence that separates the sidewalk from what appears to be a construction or utility area. The pedestrian then starts to cross the street, moving from the sidewalk onto the road.\n\nA second pedestrian, wearing an orange safety vest and a red hat, is seen walking along the sidewalk on the same side as the first pedestrian. This second pedestrian is carrying a green object, possibly a tool or equipment related to the construction or utility work.\n\nThe first"
  },
  "./VRU_videos/DoTA/VRU_19.mp4": {
    "pred": "The video begins with a view from inside a vehicle, showing a road with multiple lanes and several cars ahead. The sky is overcast, suggesting it might be a cloudy day. On the left side of the road, there are trees and some buildings in the background. The timestamp on the video reads 2019/04/24 13:54:53.\n\nAs the vehicle moves forward, a white SUV is seen driving in the adjacent lane. The road appears to be a multi-lane highway or a wide city street. The traffic light is visible in the bottom left corner of the frame, indicating that the vehicle is moving through an intersection.\n\nThe scene then shifts to show more vehicles, including a red car and a black car, as the vehicle continues to move forward. The road remains clear with no immediate signs of congestion or accidents.\n\nSuddenly, a pedestrian appears in the middle of the road, seemingly crossing from one side to the other. The pedestrian"
  },
  "./VRU_videos/DoTA/VRU_20.mp4": {
    "pred": "The video captures a sequence of events on a snowy, muddy road in an urban setting. The scene is viewed from the perspective of a vehicle's dashboard camera, with the timestamp \"18:30\" visible in the top right corner and the text \"CAR CRASHES TIME\" displayed in the top left corner.\n\nInitially, the road is partially covered with snow and ice, indicating cold weather conditions. A black car is seen driving ahead, while a pedestrian wearing a bright pink jacket and dark pants walks across the road from right to left. The pedestrian appears to be crossing the road without paying attention to the traffic, as they are not using a crosswalk or any visible pedestrian signal.\n\nAs the pedestrian continues to walk, the black car remains stationary, waiting for the pedestrian to cross. The background shows buildings, some with snow on their roofs, and a few other street signs and utility poles. The sky is overcast, suggesting that it might be snowing lightly or has been snowing"
  },
  "./VRU_videos/DoTA/VRU_21.mp4": {
    "pred": "The video is a dashcam recording from the \"CAR CRASHES TIME YOUTUBE CHANNEL\" and shows \"PROLOGY.\" It, showing a rural road with a clear blue sky and some snow on the ground. The timestamp indicates it is 2016/11/25 at 09:13:48. The vehicle's speedometer reads around 80 km/h.\n\nInitially, the road is clear with no visible traffic or pedestrians. As the vehicle progresses, a white car appears in the distance, moving in the same direction as the dashcam vehicle. The white car gets closer and eventually passes by the dashcam vehicle. Shortly after, a pedestrian wearinging a dark coat and light-colored pants appears walking across the road from right to left. The pedestrian continues to walk across the road, seemingly unaware of the approaching vehicles.\n\nAs the pedestrian crosses the road, a red car appears in the distance, moving in the opposite direction of the dashcam"
  },
  "./VRU_videos/DoTA/VRU_22.mp4": {
    "pred": "The video begins with a nighttime scene captured from a dashcam inside a vehicle. The road is illuminated by streetlights, and the timestamp in the top right corner reads 18:48. The text \"CAR CRASHES TIME\" and \"YOUTUBE CHANNEL\" is displayed at the top of the screen, indicating that this footage is part of a YouTube channel focused on car crashes.\n\nAs the vehicle moves forward, it approaches an intersection where another vehicle's headlights are visible in the distance. The road appears to be wet, likely due to recent rain, as indicated by the reflections on the pavement. On the right side of the road, there is a pedestrian crossing the street, wearing light-colored clothing that stands out against the dark background. The pedestrian is seen walking across the road, seemingly unaware of the approaching vehicle.\n\nThe vehicle continues to move forward, and the pedestrian remains in the crosswalk. As the vehicle gets closer, the pedestrian starts to move out of the way, but"
  },
  "./VRU_videos/DoTA/VRU_23.mp4": {
    "pred": "The video begins with a view from a car's dashboard camera, showing a busy urban street lined with multi-story residential buildings. The sky is overcast, suggesting it might be early morning or late afternoon. Several vehicles are visible, including a white car in the foreground and a black van on the left side of the road. A blue signpost is visible on the right side of the road.\n\nA pedestrian, wearing a striped shirt and jeans, appears on the sidewalk near the blue signpost. The pedestrian starts to cross the road, stepping onto the grassy area beside the sidewalk. As the pedestrian continues to cross, they lose balance and fall onto the ground, sliding towards the white car in the foreground. The pedestrian's posture changes from standing to falling, indicating a sudden loss of balance.\n\nThe white car in the foreground remains stationary, while other another vehicle, possibly a van, moves forward slightly. The pedestrian ends up lying on the ground near the white car, appearing to be in discomfort or"
  },
  "./VRU_videos/DoTA/VRU_24.mp4": {
    "pred": "The video begins with a nighttime scene captured from a car's dashboard camera, showing a multi-lane road illuminated by streetlights and traffic signals. The timestamp in the top right corner reads \"18 48,\" indicating the time of the recording. The text \"CAR CRASHES TIME\" and \"YOUTUBE CHANNEL\" is displayed at the top left corner, suggesting that this footage is part of a series or channel focused on car crashes.\n\nAs the vehicle moves forward, it approaches an intersection where a red car is visible ahead, stopped at a red light. The road is marked with white lane dividers and directional arrows, and there are buildings and signs on both sides of the street. The weather appears to be clear, as there are no visible raindrops or fog on the windshield.\n\nThe vehicle continues to move forward, approaching the intersection. At the last moment, the red car suddenly accelerates and collides with the front of the vehicle. The impact causes the vehicle to sw"
  },
  "./VRU_videos/DoTA/VRU_25.mp4": {
    "pred": "The video begins with a view of a snowy parking lot during what appears to be early morning or late afternoon, given the low sun casting long shadows. The timestamp on the footage reads \"20/17/05-08:43:07 MVT 358.\" The scene is captured from a dashcam perspective, likely from a vehicle parked in the lot. Several cars are parked in rows, and the area is surrounded by tall evergreen trees and a large building in the background.\n\nA white car is seen driving slowly through the parking lot, moving from left to right across the frame. As it progresses, the car's trajectory becomes more erratic, suggesting that it may have lost control. The car then makes a sharp turn, causing it to spin out of control and collide with a row of parked vehicles. The impact results in visible damage to the vehicles involved, particularly the white car which now has its front end crumpled against the side of a white"
  },
  "./VRU_videos/DoTA/VRU_26.mp4": {
    "pred": "The video is a dashcam recording from the \"CAR CRASHES TIME\" YouTube channel, showing a street scene with multiple vehicles and pedestrians. The timestamp on the video indicates it was recorded on 2017/07/20 at 11:42:50. The weather appears to be clear, and the road is wet, suggesting recent rain.\n\nIn the foreground, there is a red car stopped in the middle of the street. To the left of the red car, there is a white bus and a black car. On the right side of the red car, there are several pedestrians walking along the sidewalk. One of them is wearing a blue jacket and green pants, and another is wearing a red jacket. \n\nAs the video progresses, the pedestrian in the blue jacket and green pants starts crossing the street in front of the red car. The pedestrian appears to be in motion, moving from the right side of the frame towards the left. The red car"
  },
  "./VRU_videos/DoTA/VRU_27.mp4": {
    "pred": "The video is a dashcam recording from the perspective of a vehicle driving down a residential street. The timestamp on the video indicates it was recorded on 2016-04-03 at 08:15:29. The weather appears to be clear with bright sunlight, casting shadows on the road and buildings. The road is lined with two-story brick houses, and there are a mix of cars and pedestrians visible.\n\nInitially, the vehicle is moving forward at a moderate speed, around 33 km/h, as indicated by the speedometer in the dashboard view. The road is relatively clear with only a few vehicles ahead. A pedestrian, wearing a dark jacket and light pants, is seen crossing the street from left to right. The pedestrian appears to be in motion, walking briskly across the road.\n\nAs the vehicle approaches the pedestrian, the speed slightly decreases to about 32 km/h. The pedestrian continues to cross the street, and the vehicle maintains a"
  },
  "./VRU_videos/DoTA/VRU_28.mp4": {
    "pred": "The video captures a moment on a city street from the perspective of a vehicle's dashboard camera. The scene is set in an urban environment with tall buildings and a clear sky, indicating fair weather conditions. A green tram, numbered 5712, is seen stopped at a tram stop on the right side of the road. Pedestrians are gathered on the sidewalk next to the tram, some standing still while others appear to be waiting or preparing to board the tram.\n\nA yellow van approaches from the left side of the frame, moving towards the tram. As the van gets closer, it appears to lose control and swerves into the tram, making contact with its rear end. The impact causes the van to come to a stop near the tram, with debris scattered around the point of collision. The pedestrians on the sidewalk react to the incident; some turn to look at the van, while others continue to wait or move away from the scene.\n\nFollowing the collision, the van remains stationary, and"
  },
  "./VRU_videos/DoTA/VRU_29.mp4": {
    "pred": "The video is a dashcam recording from the perspective of a vehicle driving on a snowy road. The timestamp on the video reads \"20/10/2012 18:17:04\" and the location is indicated as \"QStA5 City.\" The weather appears to be overcast with snow on the ground, indicating cold or winter conditions.\n\nAs the vehicle progresses down the road, it approaches an intersection where a white car is stopped in the middle of the lane. A construction vehicle, possibly a bulldozer, is also to the right of the white car, partially blocking the road. The construction vehicle has its lights on, suggesting that it is either working or signaling caution.\n\nA pedestrian, wearing dark clothing and a light-colored hat, is seen crossing the road in front of the white car. The pedestrian appears to be in motion, moving from the left side of the frame towards the right. The white car's driver seems to be attempting to"
  },
  "./VRU_videos/DoTA/VRU_30.mp4": {
    "pred": "The video begins with a view from a vehicle's dashboard camera, showing a snowy road with several vehicles and pedestrians. The sky is overcast, and the road is covered in snow, indicating cold weather conditions. The text \"CAR CRASHES TIME\" and \"YOUTUBE CHANNEL\" is visible at the top of the screen, suggesting that this footage is part of a crash compilation series.\n\nAs the vehicle moves forward, it approaches an intersection where a pedestrian is crossing the road. The pedestrian appears to be wearing dark clothing and is moving quickly across the street. The vehicle slows down as it nearss the pedestrian, but the pedestrian continues to cross the road despite the approaching vehicle.\n\nSuddenly, a black SUV crosses the intersection from the right side of the frame, moving towards the left. The SUV's trajectory suggests it may have been running a red light or failing to yield to the pedestrian. The pedestrian, who was previously crossing the road, now appears to be in distress, possibly having been"
  },
  "./VRU_videos/DoTA/VRU_31.mp4": {
    "pred": "The video is a dashcam recording from the perspective of a vehicle driving down a snow-covered road in a residential area. The timestamp on the video indicates it as 2017/01/03 at 11:43:50. The sky is clear with a few clouds, and the road appears to be wet and icy due to the snow.\n\nAs the vehicle progresses, it approaches an intersection where a pedestrian is crossing the road. The pedestrian is wearing dark clothing and is seen walking across the street from left to right. The vehicle slows down as it nearss the pedestrian, maintaining a safe distance.\n\nIn the background, there are buildings on both sides of the road, including a large industrial building on the left and residential houses on the right. The road is lined with trees and parked cars. The vehicle continues to drive past the pedestrian, who remains stationary in the middle of the road.\n\nThe video captures the moment of the pedestrian crossing the road, with"
  },
  "./VRU_videos/DoTA/VRU_32.mp4": {
    "pred": "The video is a dashcam recording from the \"CAR CRASHES TIME\" YouTube channel, dated 2016-05-28 at 16:34:12. The scene takes place on a narrow, wet urban street lined with multi-story buildings on the right and parked cars on the left. The road appears to be muddy, suggesting recent rain or melting snow.\n\nInitially, the car in front of the dashcam vehicle is visible, moving slowly ahead. As the dashcam vehicle approaches, a pedestrian wearing a dark jacket, blue jeans, and a cap appears suddenly in the middle of the road, seemingly crossing from one side to the other. The pedestrian's posture indicates a hurried movement, possibly due to urgency or distraction.\n\nThe dashcam vehicle slows down as it gets closer to the pedestrian, who continues to cross the road despite the approaching vehicle. The pedestrian's movements are erratic, with one foot raised as if stepping forward quickly. The dashcam vehicle"
  },
  "./VRU_videos/DoTA/VRU_33.mp4": {
    "pred": "The video captures a nighttime scene from the perspective of a vehicle's dashboard camera. The timestamp on the footage reads \"2019/04/23 20:50:00.\" The road ahead is illuminated by streetlights, and the vehicle is moving at a moderate speed, as indicated by the steady forward motion and the consistent speedometer reading visible in the lower left corner of the frame.\n\nIn the background, a tall building with red lights is prominently visible, suggesting it might be a commercial or entertainment venue. The building's lights are arranged in a pattern that could be interpreted as a digital display or decorative lighting. To the right side of the road, there are some buildings with lit windows, indicating residential or commercial activity.\n\nAs the vehicle progresses, a pedestrian appears on the right side of the road, crossing from one side to the other. The pedestrian is wearing dark clothing and is captured mid-stride, moving from the right side of the frame towards the left"
  },
  "./VRU_videos/DoTA/VRU_34.mp4": {
    "pred": "The video captures a snowy urban intersection at 00:21:01 on January 1, 2008. The scene is set in a winter environment with snow-covered roads and buildings. A white Hyundai car with the license plate \"630 AO 01\" is stopped at a red traffic light. The Hyundai is positioned in the foreground, while a white SUV is visible to its left.\n\nA pedestrian, dressed in dark clothing and wearing a hat, crosses the road from right to left. As the pedestrian steps off the curb, they appear to lose balance and fall onto the ground near the rear of the Hyundai. The pedestrian's posture suggests a sudden loss of stability, likely due to the slippery conditions.\n\nThe Hyundai remains stationary as other the pedestrian falls. Other vehicles, including a black car and a white taxi, are seen approaching from the background. The traffic lights are red, indicating that no vehicles should be moving.\n\nAs the pedestrian lies on the ground,"
  },
  "./VRU_videos/DoTA/VRU_35.mp4": {
    "pred": "The video begins with a view from a vehicle's dashboard camera, showing a green and white bus driving on a road. The bus is in the right lane, and the road appears to be in a suburban or semi-urban area with trees, utility poles, and buildings visible on both sides. The sky is clear, indicating good weather conditions.\n\nAs the bus continues down the road, a pedestrian wearinging dark clothing and a cap suddenly appears in the middle of the road, seemingly in the path of the bus. The pedestrian moves quickly across the road, causing the bus driver to react by swerving to avoid hitting the person. The bus tilts slightly as it maneuvers to avoid the pedestrian.\n\nThe pedestrian continues to move across the road, and the bus driver attempts to stop the vehicle by applying the brakes. The bus comes to a stop just before hitting the pedestrian, who has now reached the other side of the road. The pedestrian stands up and looks back at the bus, appearing to be un"
  },
  "./VRU_videos/DoTA/VRU_36.mp4": {
    "pred": "The video is a dashcam recording from the perspective of a vehicle navigating through an urban intersection. The scene opens with a clear view of the intersection, showing multiple vehicles including a white van and a silver car. The background features tall residential buildings with balconies and a few trees with autumn foliage. The sky is clear and blue, indicating fair weather conditions.\n\nAs the vehicle moves forward, a pedestrian wearing a black coat and green pants crosses the street from right to left. The pedestrian appears to be in motion, possibly walking briskly. The vehicle continues to move forward, and the pedestrian remains in the frame, crossing the street.\n\nSuddenly, the pedestrian's movement changes as they appear to be struck by an object, likely a flying piece of debris or a small vehicle part, which is captured mid-air in the frame. The pedestrian's posture shifts, suggesting they have been hit and are now falling or stumbling. The pedestrian's arms are raised, possibly in reaction to the impact.\n\nThe vehicle continues to"
  },
  "./VRU_videos/DoTA/VRU_37.mp4": {
    "pred": "The video is a dashcam recording from the perspective of a vehicle driving on a two-lane road during sunset. The sky is clear with the sun low on the horizon, casting long shadows and creating a warm glow. The road is lined with trees and houses, and there are other signs indicating a pedestrian crossing.\n\nAs the vehicle progresses, it approaches a pedestrian crossing where a person is seen walking across the road. The pedestrian appears to be wearing dark clothing and is moving in the direction of the oncoming traffic. The vehicle slows down as it nearss the pedestrian crossing, but the pedestrian continues to cross the road without looking back at the approaching vehicle.\n\nSuddenly, the pedestrian steps off the curb and into the path of the oncoming vehicle. The vehicle swerves to avoid hitting the pedestrian, but the pedestrian continues to walk across the road, ignoring the approaching vehicle. The vehicle comes very close to hitting the pedestrian, but the pedestrian suddenly stops and looks back at the approaching vehicle.\n\nThe pedestrian"
  },
  "./VRU_videos/DoTA/VRU_38.mp4": {
    "pred": "The video begins with a view from a dashcam on a city street. The timestamp in the bottom right corner reads \"2014/07/08\" and the text \"CAR CRASH TIME\" is visible in the top left corner, indicating that this footage is part of a series documenting car accidents. The road is divided into two lanes, with a median strip in the middle. On the left side of the road, there is a green fence and some buildings, while on the right side, there are more buildings and trees.\n\nA red truck with a white trailer is seen driving towards the camera on the left lane. As the truck approaches, it starts to turn left, crossing into the right lane. At the same time, a pedestrian wearinging a dark jacket and light pants is seen walking across the road from the left side to the right side. The pedestrian appears to be in mid-stride when the truck makes contact with them, causing the pedestrian to fall to the"
  },
  "./VRU_videos/DoTA/VRU_39.mp4": {
    "pred": "The video captures a busy urban intersection from the perspective of a dashcam. The timestamp on the footage reads 2019-08-17 at 16:17:43, indicating it was recordeded during the daytime under overcast weather conditions. The road is marked with white pedestrian crossing lines and traffic signals are visible in the background.\n\nA blue car with the license plate \"P 1088c\" is seen stopped at the red light at the intersection. To the left of the blue car, there is a white SUV, and to the right, a red hatchback. Pedestrians are seen crossing the street in front of the vehicles, some carrying bags or wearing backpacks. The pedestrians are dressed in casual clothing suitable for cooler weather, with some wearing jackets and others in lighter attire.\n\nAs the video progresses, the blue car remains stationary, waiting for the light to change. The red hatchback moves forward, crossing the intersection. The"
  },
  "./VRU_videos/DoTA/VRU_40.mp4": {
    "pred": "The video captures a moment from a dashcam perspective on a clear day with blue skies, indicating good weather conditions. The scene is set on an urban street lined with multi-story buildings on both sides. The road appears to be a two-way street with visible lane markings and pedestrian crossings.\n\nInitially, the view shows of a white car stopped at a traffic light. The timestamp on the dashcam reads 2019-03-20 08:36:44, suggesting it was recorded in the early morning hours. The surroundings include various shops and residential buildings, with some greenery visible along the roadside.\n\nAs the video progresses, the white car starts moving forward, crossing the pedestrian crossing. A pedestrian, wearing a blue shirt and dark pants, is seen walking across the street from right to left. The pedestrian's posture indicates they are in motion, likely crossing the street legally as they are using the designated pedestrian crossing.\n\nA white van with a green advertisement on its"
  },
  "./VRU_videos/DoTA/VRU_41.mp4": {
    "pred": "The video is a dashcam recording from the \"CAR CRASHES TIME YOUTUBE CHANNEL\" and shows 18, dated 2016/06/23 at 18:31:53. It captures a busy urban intersection with multiple lanes of traffic moving in both directions. The sky is clear and blue, indicating fair weather conditions.\n\nInitially, the scene shows cars are visible, including a black SUV on the left side of the frame and a silver sedan in the center. A pedestrian wearing a gray jacket and dark pants is seen crossing the street from right to left. The traffic light is green for vehicles moving straight ahead, and there is a large billboard on the right side of the road with an advertisement that reads \"I BIK E my health.\"\n\nAs time progresses, the pedestrian continues to cross the street, and the silver sedan remains in the center lane. The black SUV is still visible on the left side. The traffic light remains green,"
  },
  "./VRU_videos/DoTA/VRU_42.mp4": {
    "pred": "The video is a dashcam recording from the \"CAR CRASHES TIME\" YouTube channel, showing a residential street on a rainy day. The timestamp in the top right corner indicates the time as 18:49. The road is wet, reflecting the overcast sky and surrounding trees, indicating recent or ongoing rain.\n\nInitially, the camera captures a black car driving towards the intersection from the left side of the frame. A red car is seen ahead, stopped at the intersection, waiting for the traffic signal to change. The black car approaches the intersection, and the red car remains stationary. \n\nAs the black car gets closer, it appears to be moving at a moderate speed, maintaining a straight trajectory towards the intersection. The red car, which is stopped, has its brake lights on, indicating it is stationary. \n\nA white van enters the scene from the right side, moving in the same direction as the black car. The white van is slightly behind the black car and is also approaching"
  },
  "./VRU_videos/DoTA/VRU_43.mp4": {
    "pred": "The video begins with a nighttime scene captured from the perspective of a vehicle's dashboard camera. The road is illuminated by streetlights and decorative lights on trees, which are blue and white in color. The speedometer shows indicates that the vehicle is traveling at 41 km/h. The timestamp on the video reads 2016/01/04 12:15:19.\n\nAs the vehicle continues to move forward, the speed decreases to 40 km/h. The road appears to be a two-lane highway with a solid yellow line in the center. The vehicle maintains a steady speed as it approaches a group of pedestrians standing on the side of the road. The pedestrians are wearing dark clothing and appear to be waiting for the vehicle to pass.\n\nThe vehicle slows down further to 39 km/h as it gets closer to the pedestrians. The pedestrians begin to move out of the way, allowing the vehicle to pass safely. The vehicle then continues to travel"
  },
  "./VRU_videos/DoTA/VRU_44.mp4": {
    "pred": "The video begins with a view of a multi-lane road under a partly cloudy sky. The road is bordered by sidewalks and trees, with various vehicles, including a white van and a yellow truck, moving in the same direction as the camera's perspective. Pedestrians are visible on the sidewalks, and there are traffic signs and streetlights along the road.\n\nAs the scene develops, a pedestrian wearing dark clothing appears on the sidewalk on the right side of the frame. This person starts to cross the road, seemingly unaware of the approaching vehicles. The pedestrian moves from the sidewalk into the middle of the road, directly in front of the white van and other the yellow truck. \n\nThe pedestrian continues to walk across the road, crossing multiple lanes. A car approaches from behind the white van, and the pedestrian suddenly stops, causing the car to brake sharply to avoid hitting them. The pedestrian then falls to the ground, lying on their back with legs in the air. The car comes to a stop just"
  },
  "./VRU_videos/DoTA/VRU_45.mp4": {
    "pred": "The video begins with a view from a vehicle's dashboard camera, showing a tree-lined street with an ambulance parked on the left side. The sky is overcast, suggesting it might be a cloudy day. A pedestrian, wearing a camouflage jacket and dark pants, is seen walking across the street from right to left. As the pedestrian crosses, a motorcycle appears from the right side of the frame, moving towards the left. The motorcycle rider, wearing a helmet and dark clothing, loses control and crashes into the pedestrian, causing both to fall to the ground. The motorcycle lies on its side, and the pedestrian appears to be in pain.\n\nThe scene then shows the aftermath of the crash. The pedestrian is lying on the ground near the motorcycle, while the motorcycle is on its side. The ambulance remains parked on the left side of the street. Another\nThe pedestrian attempts to get up but struggles to do so. The motorcycle rider, who was initially on the ground, starts to move and eventually gets up"
  },
  "./VRU_videos/DoTA/VRU_46.mp4": {
    "pred": "The video is a dashcam recording from the \"CAR CRASHES TIME YOUTUBE CHANNEL\" and shows 188. It is taken on a dark, nighttime street with streetlights illuminatinging the scene. The timestamp in the video reads \"2016/06/03 18:13:58\" and the temperature is displayed as 18°C.\n\nThe video begins with a view of an empty road ahead, with the car's headlights illuminatingating the path. The car is moving forward at a moderate speed, following the traffic lights which are visible in the distance. The car approaches a green traffic light and continues to move forward.\n\nAs the car moves forward, a pedestrian appears on the right side of the road, crossing from one side to the other. The pedestrian is wearing dark clothing and appears to be walking at a normal pace. The car slows down slightly as it approaches the pedestrian, but does not stop completely.\n\nThe pedestrian"
  },
  "./VRU_videos/DoTA/VRU_47.mp4": {
    "pred": "The video captures a chaotic scene at an intersection during heavy rain. The view is from inside a vehicle, likely a dashcam, showing the traffic lights and road conditions. The sky is overcast, and the roads are slick with rain, reflecting the headlights of the vehicles.\n\nSeveral buses and cars are visible, stopped at a red light. A bus on the left side of the frame displays the route number \"10\" and destination \"E 89th St.\" Another A traffic lights are red, indicating that all vehicles are stationary.\n\nA pedestrian wearinging a white hat and dark clothing appears in the middle of the intersection, seemingly crossing the road. The pedestrian's movements are erratic, with arms flailing and legs moving in various directions, suggesting confusion or panic. The pedestrian is not using a crosswalk and is directly in the path of oncoming traffic.\n\nAs the pedestrian moves, they come into contact with a silver car in the middle lane, causing a collision. The pedestrian's body"
  },
  "./VRU_videos/DoTA/VRU_48.mp4": {
    "pred": "The video captures a moment at an urban intersection during the daytime, as seen from the perspective of a vehicle's dashboard camera. The sky is clear and blue, indicating fair weather conditions. The road is wide with multiple lanes, and there are traffic lights visible in the frame.\n\nInitially, a pedestrian wearinging dark clothing and carrying a red bag is seen crossing the street from left to right. The pedestrian appears to be in mid-stride, moving across the crosswalk. In the background, several tall buildings can be seen, including one with a distinctive round top and another with a red sign on its facade. The architecture suggests a modern urban environment.\n\nAs the pedestrian continues to cross, a white car approaches from the left side of the frame, moving towards the intersection. The car is in motion, and its trajectory indicates it is about to enter the intersection. The pedestrian remains in the crosswalk, seemingly unaware of the approaching vehicle.\n\nIn the next few frames, the white car gets closer to the"
  },
  "./VRU_videos/DoTA/VRU_49.mp4": {
    "pred": "The video begins with a view from inside a vehicle, showing a road intersection under a clear blue sky. The timestamp on the footage reads \"2019/03/22 08:19:11\". A person in an orange high-visibility jacket is seen crossing the road from left to right. The vehicle is stationary at a red traffic light, and the speedometer indicates a speed of 0 km/h. In the background, there are buildings, a few cars, and a tall skyscraper visible in the distance.\n\nAs the video progresses, the vehicle starts moving forward through the intersection. The timestamp changes to \"08:19:12\" and then to \"08:19:13\". The person in the orange jacket remains in the same position, crossing the road. The vehicle passes by a bus and other a cyclist who is also to cross the intersection. The cyclist is wearing dark clothing and is riding a bicycle with a"
  },
  "./VRU_videos/DoTA/VRU_50.mp4": {
    "pred": "The video captures a scene from inside a vehicle driving on a snowy urban street. The timestamp on the dashboard indicates reads 2019/03/21 at 06:46:47, and the speedometer shows shows a speed of 27 km/h. The road is covered in snow, and the visibility is reduced due to the weather conditions. The windshield of the vehicle is foggy, indicating that it is cold outside.\n\nAs the vehicle moves forward, several pedestrians are seen walking on the sidewalk and crossing the street. Some of them are wearing winter clothing, such as coats, hats, and scarves, while others are carrying bags or wearing backpacks. The pedestrians are moving in different directions, some towards the vehicle and others away from it.\n\nThe vehicle slows down to 24 km/h and then to 17 km/h as it approaches a group of pedestrians crossing the street. The pedestrians are dressed in winter clothing and are carrying bags or"
  },
  "./VRU_videos/DoTA/VRU_51.mp4": {
    "pred": "The video begins with a view from inside a vehicle, likely a dashcam, showing a busy urban intersection. The timestamp on the footage is 2019/09/21 at 08:45:37. The intersection features multiple lanes of traffic, with vehicles including cars and motorcycles. The weather appears to be overcast, and the road surface looks wet, suggesting recent rain.\n\nIn the first frame, several vehicles are stopped at a red traffic light. A white SUV is in the left lane, a black car is in the center lane, and a motorcycle is visible on the right side. Pedestrians are seen crossing the street in front of the vehicles. The background shows tall residential buildings and a few trees.\n\nAs the video progresses, the traffic light turns green, and the vehicles start moving forward. The white SUV moves into the center lane, followed by the black car. The motorcycle continues to ride alongside the vehicles. The pedestrians continue to cross the"
  },
  "./VRU_videos/DoTA/VRU_52.mp4": {
    "pred": "The video is a dashcam recording from the perspective of a vehicle driving down a city street. The scene opens with a clear view of the road ahead, showing a few cars in the distance and several pedestrians on the sidewalks. The weather appears to be clear with a blue sky, indicating good visibility conditions.\n\nOn the left side of the road, there are multi-story residential buildings with balconies, while on the right side, there are leafless trees and some construction barriers. Pedestrians are visible on both sides of the street, some walking alone and others in groups. One pedestrian wearing a light blue jacket and carrying a pink bag is crossing the street from right to left.\n\nAs the vehicle continues to move forward, the pedestrian in the light blue jacket becomes more prominent in the frame. The pedestrian is seen walking across the street, seemingly unaware of the approaching vehicles. The vehicle in front of the dashcam car is also a white car that is moving at a moderate speed, following the flow of"
  },
  "./VRU_videos/DoTA/VRU_53.mp4": {
    "pred": "The video captures a moment at an intersection during the daytime, as seen from the perspective of a vehicle's dashboard camera. The timestamp on the footage indicates it is 2019/07/27 at 13:14:36. The sky is clear and blue, indicating fair weather conditions. The road appears to be a multi-lane intersection with pedestrian crosswalkss marked by white stripes.\n\nInitially, the intersection is relatively empty with only a few vehicles visible, including a white car, a light blue car, and a red car. There are also traffic lights visible in the background, all showing red signals for the lanes closest to the camera. Pedestrians are seen waiting on the sidewalks, and a few motorcyclists are present, one of which is wearing a black helmet and riding a motorcycle with a sidecar.\n\nAs time progresses, more vehicles appear at the intersection. A white car enters the frame from the left, followed by another white car"
  },
  "./VRU_videos/DoTA/VRU_54.mp4": {
    "pred": "The video captures a nighttime scene at an intersection, viewed from the perspective of a vehicle's dashboard camera. The timestamp on the footage reads \"2019/05/25 19:17:07.\" The intersection is illuminated by streetlights and traffic signals, with green lights indicating that vehicles have the right of way to proceed.\n\nOn the right side of the frame, there is a large billboard with bright red and white text, although the specific content of the text is not clear due to the resolution and angle of the camera. The road appears to be wet, suggesting recent rain, as evidenced by the reflections of the lights on the pavement.\n\nAs the video progresses, a pedestrian wearing dark clothing is seen crossing the intersection from left to right. The pedestrian is in mid-stride, moving across the crosswalk. The vehicle from which the camera is recording remains stationary, waiting for the pedestrian to cross.\n\nAt approximately 19:17:10,"
  },
  "./VRU_videos/DoTA/VRU_55.mp4": {
    "pred": "The video begins with a view from inside a vehicle, showing a traffic intersection during the daytime. The sky is clear, indicating fair weather conditions. The timestamp on the footage reads \"2019/05/17 17:44:04.\" At the top left corner of the screen, there is text in Chinese characters that translates to \"Traffic Law Violation\" and \"No Action Taken,\" suggesting that the footage might be part of a traffic monitoring system or a dashcam recording.\n\nThe intersection features multiple traffic lights, some of which are red, indicating a stop signal for vehicles. There are several buildings in the background, including a multi-story structure with a light facade and a bridge overpass. Pedestrians are visible on the sidewalks, and a few cars are parked along the street.\n\nAs the video progresses, the scene remains relatively static with minimal movement. A motorcyclist wearing a blue jacket and helmet appears on the right side of the frame, moving"
  },
  "./VRU_videos/DoTA/VRU_56.mp4": {
    "pred": "The video begins with a view from inside a vehicle, showing a street scene with buildings on both sides. The timestamp is 2019/06/21 at 14:48:40. A traffic light is visible in the top left corner of the frame, indicating a green signal for vehicles. The road appears to be a two-lane street with some pedestrian activity.\n\nAs the video progresses, the timestamp changes to 14:48:41, and a black car is seen moving forward on the road. The traffic light remains green, and there are no other pedestrians or other other vehicles in the immediate vicinity.\n\nAt 14:48:42, the black car continues to move forward, and a white truck appears on the left side of the frame, moving in the same direction as the black car. The traffic light remains green, and the road appears to be clear except for the vehicles.\n\nThe timestamp changes to 1"
  },
  "./VRU_videos/DoTA/VRU_57.mp4": {
    "pred": "The video begins with a view from inside a vehicle, showing a road intersection with multiple lanes and traffic signals. The date and time stamp on the footage indicate it is 14:20 on June 26, 2019. The sky is clear, suggesting good weather conditions. In the distance, there are mountains, and the road appears to be in a semi-urban area with some buildings and greenery.\n\nAs the vehicle moves forward, it approaches an intersection where other traffic is visible. There are a mix of vehicles including cars, motorcycles, and a truck. The traffic lights are red for the vehicle's lane, indicating that it should stop. The speedometer shows shows the vehicle is traveling at 73 km/h initially, which then decreases as it approaches the intersection.\n\nThe scene transitions to the vehicle stopping at the intersection, with the traffic lights still red. The speedometer now shows the vehicle is traveling at 65 km/h. The surroundings remain consistent"
  },
  "./VRU_videos/DoTA/VRU_58.mp4": {
    "pred": "The video begins with a view from inside a vehicle, showing a straight road ahead. The timestamp on the footage reads 2019-05-03 at 16:26:25. The road is lined with houses and trees on both sides, and the sky is clear with no visible clouds. The speedometer indicates shows not visible in this frame.\n\nAs the vehicle moves forward, a cyclist wearing dark clothing appears on the right side of the road, riding towards the camera. The cyclist maintains a steady pace and does not seem to be obstructing the vehicle's path. The timestamp changes to 2019-05-03 at 16:26:27, indicating that the vehicle has moved slightly forward.\n\nThe cyclist continues to ride towards the camera, maintaining a consistent distance from the vehicle. The timestamp changes again to 2019-05-03 at 16:26:28"
  },
  "./VRU_videos/DoTA/VRU_59.mp4": {
    "pred": "The video is a dashcam recording from a vehicle driving on a two-lane road at night. The timestamp in the bottom left corner indicates the date as \"2019-03-05 19:25:26\" and the location as \"X1\". The scene shows a clear view of the road ahead, with streetlights illuminatinging the area. On the right side of the road, there is a gas station with its lights on, and on the left side, there are some buildings.\n\nAs the vehicle approaches, a pedestrian wearing a pink jacket and dark pants appears in the middle of the road, seemingly crossing from one side to the other. The pedestrian's posture suggests they are in motion, possibly walking or running. The vehicle slows down as it gets closer to the pedestrian, and the driver appears to be cautious, likely anticipating the pedestrian's movement.\n\nThe pedestrian continues to cross the road, and the vehicle comes to a stop just before reaching"
  },
  "./VRU_videos/DoTA/VRU_60.mp4": {
    "pred": "The video begins with a view from inside a vehicle, showing the dashboard and windshield. The timestamp on the video is 2019/03/30 at 10:59:43. The scene depicts a multi-lane road with several vehicles, including a white car in the left lane and a black car in the right lane. The road is bordered by greenery and tall buildings are visible in the background. A yellow triangular road sign with a symbol indicating a pedestrian crossing is visible on the right side of the road.\n\nAs the video progresses, the white car in the left lane starts to move forward, while the black car in the right lane remains stationary. The white car continues to move forward, passing the black car and entering the right lane. The timestamp changes to 10:59:45 as the white car moves further ahead.\n\nThe scene then shifts to a different angle, showing a silver SUV making a turn onto the road from a"
  },
  "./VRU_videos/DoTA/VRU_61.mp4": {
    "pred": "The video is a dashcam recording from a vehicle's perspective, showing a nighttime scene on a well-lit urban street. The timestamp indicates the footage was recorded on February 20, 2019, at 20:54:58. The road is illuminated by streetlights and the headlights of other vehicles, creating a clear view of the surroundings.\n\nInitially, the vehicle is stationary at a traffic light, which is green for the direction it is facing. The traffic light is visible in the top left corner of the frame, with the text \"绿灯行驶\" (green light to proceed) indicating that the vehicle should move forward. The timestamp progresses from 20:54:58 to 20:54:53 as the vehicle remains stationary.\n\nAt 20:54:54, the vehicle starts moving forward, and the timestamp continues to advance through 20:54:55 to 20"
  },
  "./VRU_videos/DoTA/VRU_62.mp4": {
    "pred": "The video begins with a view from a vehicle's dashboard camera, showing a busy urban street scene. The timestamp on the footage reads 2019/04/13 at 13:27:16. The road is divided into two lanes, with vehicles parked on the right side and moving in the left lane. The weather appears to be overcast, and the road surface looks wet, suggesting recent rain.\n\nOn the left side of the road, there is a large building with a glass facade and signage in Chinese characters. The building has a modern architectural style with a mix of glass and concrete. Pedestrians are visible on the sidewalk, some walking alone and others in groups, dressed in casual clothing suitable for mild weather.\n\nAs the timestamp progresses to 13:27:18, a cyclist wearing a blue jacket and dark pants rides past the vehicle. The cyclist is carrying a red bag and is riding on the right side of the road,"
  },
  "./VRU_videos/DoTA/VRU_63.mp4": {
    "pred": "The video begins with a view from a car's dashboard camera, showing a street lined with trees and buildings on both sides. The sky is overcast, suggesting cloudy weather conditions. On the left side of the road, there are parked cars, including a silver car and a red car. A yellow bus is visible in the distance, approaching from the opposite direction. The text \"CAR CRASHES TIME\" and \"YOUTUBE CHANNEL\" is displayed at the top left corner of the screen, indicating that this footage is part of a YouTube channel focused on car crashes.\n\nAs the video progresses, the yellow bus gets closer to the camera vehicle. On the right side of the road, a pedestrian wearinging a pink top and dark pants is seen walking towards the camera. The pedestrian appears to be in motion, possibly crossing the street or walking along the sidewalk. The speed of the bus and the pedestrian's movement are not explicitly mentioned, but the bus is moving steadily towards the camera while the pedestrian"
  },
  "./VRU_videos/DoTA/VRU_64.mp4": {
    "pred": "The video is a dashcam recording from the \"CAR CRASHES TIME YOUTUBE CHANNEL,\" dated 2017-05-21 at 11:04:03. It begins with a view of a busy urban street under clear skies with a few scattered clouds. The road is divided by a median, and various vehicles, including cars, vans, and buses, are visible. A large billboard on the right side of the road displays an advertisement for a product or service.\n\nAs the vehicle moves forward, it approaches an intersection where a pedestrian is seen crossing the road. The pedestrian, dressed in dark clothing, appears to be in motion, possibly walking across the street. The vehicle slows down as it nearss the pedestrian, who continues to cross the road. The timestamp on the dashcam shows changes to 11:04:04, indicating that the vehicle has moved slightly forward.\n\nThe pedestrian continues to cross the road, and the"
  },
  "./VRU_videos/DoTA/VRU_65.mp4": {
    "pred": "The video is a dashcam recording from the perspective of a vehicle driving on a multi-lane road in an urban area. The timestamp indicates the date as 2017/05/21 and the time as 08:56:53. The weather appears to be overcast, and the road is wet, suggesting recent rain.\n\nInitially, the vehicle is following a red bus with the number \"9\" displayed on its front. The bus is driving in the right lane, while the vehicle is in the left lane. The road is lined with trees and buildings on both sides. As the vehicle approaches the bus, it becomes apparent that the bus is making a turn into a side street or parking area.\n\nSuddenly, a pedestrian wearing a blue jacket and carrying a red bag appears in the middle of the road, seemingly crossing from one side to the other. The pedestrian is not using a crosswalk and is positioned directly in the path of the vehicle. The vehicle"
  },
  "./VRU_videos/DoTA/VRU_66.mp4": {
    "pred": "The video begins with a view of an urban street scene, captured from the perspective of a vehicle's dashboard camera. The weather appears to be overcast, and the road is wet, suggesting recent rain. In the background, there is a large, multi-story building with several balconies and a sign that reads \"АТТЕР\" (which could be part of a larger word or name). Pedestrians are visible on the sidewalk, some walking and others standing still.\n\nA white bus, marked with the number \"228\" and the text \"СХА ГАЗПРОМ\" (which translates to \"Skharkiv Gasprom\"), approaches from the right side of the frame. The bus has a yellow sign on its front that reads \"СЕБЕЯ СЕБЕЕВОДСТВО\" (Self-Driving), indicating it may be a self-driving or autonomous vehicle. As the bus gets closer, a pedestrian in a light"
  },
  "./VRU_videos/DoTA/VRU_67.mp4": {
    "pred": "The video is a dashcam recording from the \"CAR CRASHES TIME YOUTUBE CHANNEL\" and shows 18:43. It takes place at night on a well-lit intersection with multiple streetlights and traffic signals. The timestamp indicates it is December 2015, around 20:06:43.\n\nInitially, the scene shows a red traffic light with several vehicles stopped at the intersection. A pedestrian is seen crossing the road in front of the camera vehicle. As the pedestrian crosses, a car with its headlights on approaches from the opposite direction. The car appears to be moving at a moderate speed, as indicated by the angle of the vehicle and the position of the wheels.\n\nAs the pedestrian continues to cross, the car gets closer, and the driver seems to be attempting to stop or slow down. However, the car collides with the pedestrian, causing them to fall to the ground. The impact is captured in the video, with the pedestrian landing"
  },
  "./VRU_videos/DoTA/VRU_68.mp4": {
    "pred": "The video begins with a view from inside a vehicle, showing the dashboard and windshield. The scene is set on a multi-lane road during what appears to be either sunrise or sunset, given the low position of the sun in the sky. The sky is partly cloudy, with hues of orange and blue. On the left side of the road, there are buildings with classical architecture, including one with a prominent dome and spires, suggesting a historical or significant urban area.\n\nIn the middle lane, a yellow truck with a covered back is visible, displaying text in Russian: \"Weber-Venton\" along with other some services listed in Russian. The truck is moving forward at a moderate speed. To the right of the truck, a pedestrian is seen walking on the sidewalk, pushing a stroller. Another\n\nAs the video progresses, the traffic ahead starts to slow down. A silver car in the left lane comes to a stop, followed by a white van and a black car. The yellow"
  },
  "./VRU_videos/DoTA/VRU_69.mp4": {
    "pred": "The video begins with a view from inside a vehicle, showing the dashboard and windshield. The speedometer indicates reads 27 km/h, and the timestamp is 10:03:05 on October 13, 2018. The vehicle is driving on a narrow road flanked by greenery and buildings. A sign in Chinese characters is visible on the right side of the road.\n\nAs the vehicle continues to move forward, the speed increases to 30 km/h, then 32 km/h, and finally 34 km/h. The surroundings remain consistent with trees and buildings lining the road. At 34 km/h, two pedestrians wearing red jackets appear on the road ahead, walking towards the vehicle. The vehicle slows down to 32 km/h as it approaches the pedestrians.\n\nThe vehicle continues to slow down, reaching 31 km/h, then 30 km/h, and finally 29 km/h. The pedestrians are"
  },
  "./VRU_videos/DoTA/VRU_70.mp4": {
    "pred": "The video is a dashcam recording from the \"CAR CRASHES TIME\" channel, showing a busy urban street scene. The timestamp on the video indicates it was recorded on 2017/03/18 at 16:42:25. The camera angle is positioned behind a silver car with the license plate \"H077MK72\". The road appears to be a multi-lane street with several vehicles, including cars and buses, moving in both directions. The weather seems clear, and the road is dry.\n\nInitially, the traffic is flowing smoothly with no apparent incidents. However, as the video progresses, a white van approaches from the left side of the frame, moving towards the silver car in front. The van's trajectory suggests it is attempting to merge into the lane of the silver car. The driver of the silver car appears to be unaware of the van's presence, continuing to drive straight ahead.\n\nAs the van gets closer, it"
  },
  "./VRU_videos/DoTA/VRU_71.mp4": {
    "pred": "The video begins with a view from a vehicle's dashboard camera, showing a busy urban street scene. The road is lined with trees and buildings on both sides, and various vehicles are visible, including a white car directly ahead with the license plate \"A 739 WFO.\" The sky is clear, indicating fair weather conditions.\n\nAs the video progresses, a pedestrian wearing a blue jacket and dark pants appears in the frame, crossing the street from left to right. The pedestrian seems to be in motion, possibly walking or running, and is positioned near the white car ahead. The pedestrian then moves closer to the camera vehicle, appearing to interact with the driver or the vehicle itself.\n\nThe pedestrian continues to move around the front of the white car, seemingly trying to get the attention of the driver or the vehicle. The driver's side window is rolled down, and the driver appears to be engaged in conversation with the pedestrian. The pedestrian's movements are erratic, with sudden changes in direction and speed."
  },
  "./VRU_videos/DoTA/VRU_72.mp4": {
    "pred": "The video is a dashcam recording from the \"CAR CRASHES TIME YOUTUBE CHANNEL,\" dated 2017/01/14 at 18:41. It begins with a view of a busy urban intersection, where a white bus marked with the number 33 and the route 110 is stopped at a red light. The background features a multi-story building with classical architecture, including balconies and large windows. The sky is clear and blue, indicating good weather conditions.\n\nA pedestrian wearing an orange shirt and dark shorts is seen crossing the street in front of the bus. As the pedestrian continues to cross, a white van approaches from the left side of the frame. The van collides with the pedestrian, causing them to fall to the ground. The pedestrian appears to be in pain and is lying on the road near the van's front bumper.\n\nThe bus remains stationary as the van comes to a stop after the collision. Other vehicles, including"
  },
  "./VRU_videos/DoTA/VRU_73.mp4": {
    "pred": "The video is a dashcam recording from the \"CAR CRASHES TIME YOUTUBE CHANNEL\" and is timestamped \"20/06/2017 10:55:26\". The scene opens with a clear view of a two-lane road under a bright blue sky, indicating fair weather conditions. On the left side of the road, there is a concrete barrier, while on the right, there are some greenery and a large red metal tower. Buildings can be seen in the background, suggesting an urban or suburban setting.\n\nInitially, the road appears to be clear with only a few vehicles visible in the distance. The timestamp shows \"18\" at the top right corner, which likely indicates the camera's internal clock. As the video progresses, a silver car is seen driving ahead on the right lane, followed by a blue car in the left lane. The speed limit sign visible in the distance reads \"18\", which could be interpreted as"
  },
  "./VRU_videos/DoTA/VRU_74.mp4": {
    "pred": "The video begins with a view from a dashcam on a road. The timestamp indicates is 2015-03-27 at 10:45:40, and the location is indicated as \"MVD.RU\". The text overlay in Russian reads \"Новости МВД России\" (News of the Russian Ministry of Internal Affairs) and \"www.movdi.ru\". The scene shows shows a busy street with multiple lanes of traffic. A black car is seen driving down the road, while a white truck is parked on the side of the road. The road is lined with trees and buildings, and there are several pedestrians walking on the sidewalks.\n\nAs the video progresses, the black car continues to drive down the road, while the white truck remains parked on the side. The road appears to be clear with no other traffic visible. The timestamp changes to 10:45:41, and the black car is now closer to the camera"
  },
  "./VRU_videos/DoTA/VRU_75.mp4": {
    "pred": "The video is a dashcam recording from the \"CAR CRASHES TIME YOUTUBE CHANNEL\" and shows 184. It is taken on a city street at night, as indicated by the timestamp \"16/10/2018 20:19:05\". The scene opens with a view of a well-lit urban street lined with parked cars on both sides and tall buildings in the background. The sky is dark, suggesting it is nighttime.\n\nA pedestrian, wearing dark clothing and carrying a bag, appears in the middle of the road, seemingly crossing from one side to the other. The pedestrian's posture suggests they are in motion, possibly walking briskly. As the pedestrian moves closer to the camera, they suddenly step onto the hood of an approaching car, causing the vehicle to brake sharply. The car's headlights illuminate the scene, and the pedestrian's actions appear sudden and unexpected.\n\nThe car stops abruptly, and the pedestrian falls to the ground"
  },
  "./VRU_videos/DoTA/VRU_76.mp4": {
    "pred": "The video is a dashcam recording from the \"CAR CRASHES TIME\" YouTube channel, showing a busy urban street scene. The timestamp on the video reads 2018/03/16 at 16:28:01, and the location is indicated as MVD 358. The scene opens with a view of multiple lanes of traffic, including cars, buses, and vans moving in both directions. The road appears to be a multi-lane street with clear lane markings and traffic signals visible in the background.\n\nAs the video progresses, a pedestrian wearing a white shirt, dark shorts, and a white cap is seen crossing the street. The pedestrian is initially walking across the crosswalk but then suddenly falls to the ground, appearing to have been struck by a vehicle. The pedestrian quickly gets up and stands near the center of the crosswalk, looking around and seemingly assessinging the situation.\n\nThe vehicles in the scene include a black car in the left"
  },
  "./VRU_videos/DoTA/VRU_77.mp4": {
    "pred": "The video begins with a view from a vehicle's dashboard camera, showing an intersection on a rainy day. The timestamp indicates the date as 2019-01-10 and the time as 12:37:48. A auto-rickshaw is seen approaching the intersection from the left side of the frame, while a pedestrian is crossing the road in front of it. The background features multi-story residential buildings with balconies and trees lining the street. As the auto-rickshaw nearss the pedestrian, a white car enters the intersection from the right, moving towards the pedestrian and the auto-rickshaw.\n\nThe white car collides with the pedestrian, causing them to fall to the ground. Simultaneously, the auto-rickshaw also collides with the white car, resulting in significant damage to both vehicles. The timestamp changes to 12:37:45, indicating the moment of impact. The pedestrian appears to be in distress"
  },
  "./VRU_videos/DoTA/VRU_78.mp4": {
    "pred": "The video captures a moment on a city street during what appears to be a rainy day, given the wet road surface and overcast sky. The scene is viewed from inside a vehicle, likely a dashcam, as indicated by the timestamp \"2019/01/01 07:47:20\" in the bottom right corner of the frame. The timestamp suggests that this footage was recorded in the early hours of the morning.\n\nIn the foreground, there is a pedestrian crossing the street from left to right. The pedestrian is wearing a red jacket and dark pants, and they are carrying a bag. The pedestrian's posture indicates they are walking at a normal pace, with their arms swinging naturally.\n\nAs the pedestrian crosses, a white car approaches from the left side of the frame. The car is moving at a moderate speed, as indicated by its trajectory and the distance it maintains from the pedestrian. The car's headlights are on, suggesting low visibility conditions due to the"
  },
  "./VRU_videos/DoTA/VRU_79.mp4": {
    "pred": "The video begins with a view of a snowy urban street scene captured from a vehicle's dashboard camera. The timestamp on the footage reads \"2019-01-20 16:07:08.\" The camera is positioned at an angle that shows captures the road ahead and the buildings on either side. The road is covered in snow, and there are several vehicles visible, including a black SUV driving towards the camera and a red car parked on the right side of the road.\n\nAs the video progresses, the timestamp changes to \"2019-01-20 16:07:10,\" and the black SUV continues to approach the camera. The timestamp then changes to \"2019-01-20 16:07:11,\" and the black SUV is now much closer to the camera, indicating it has accelerated. The timestamp changes again to \"2019-01-2"
  },
  "./VRU_videos/DoTA/VRU_80.mp4": {
    "pred": "The video begins with a view from inside a vehicle, showing a road with multiple lanes. The sky is overcast, suggesting it might be raining or about to rain. There are several vehicles on the road, including a white SUV in the left lane and a motorcycle in the right lane. The road is lined with trees and streetlights, and there are some red lanterns decorations hanging from poles on the right side of the road.\n\nAs the video progresses, the speed of the vehicle decreases from 50 km/h to 35 km/h, indicating that the vehicle is slowing down. The timestamp on the video showss \"2019/02/20 09:45:45\". The vehicle continues to slow down until it comes to a stop at a red traffic light. The timestamp changes to \"09:46:00\" as the vehicle stops.\n\nThe scene then shifts to show a pedestrian crossing the road from the right side to"
  },
  "./VRU_videos/DoTA/VRU_81.mp4": {
    "pred": "The video begins with a view from inside a vehicle, showing a busy urban street scene. The road is lined with multi-story residential buildings on both sides, and the sky appears overcast, suggesting it might be a cloudy day. The traffic includes various vehicles such as cars, a white van, and a large truck. The timestamp in the bottom left corner indicates that the footage was recorded during the daytime.\n\nAs the video progresses, the camera angle shifts slightly to show more of the surrounding environment, including additional cars and a pedestrian crossing the street. The pedestrian is wearing dark clothing and appears to be walking at a normal pace. The traffic seems to be moving slowly, possibly due to congestion or a traffic signal ahead.\n\nSuddenly, the pedestrian steps into the middle of the road, directly in front of the vehicle from which the camera is recording. The pedestrian's movement is abrupt and unexpected, causing the driver to brake suddenly. The vehicle's speed decreases rapidly as the driver attempts to avoid a collision. The"
  },
  "./VRU_videos/DoTA/VRU_82.mp4": {
    "pred": "The video is a dashcam recording from the \"CAR CRASHES TIME\" YouTube channel, dated 2016/08/14 at 18:21:24. The scene takes place on a city street lined with multi-story residential buildings and parked cars on both sides. The sky is overcast, suggesting cloudy weather conditions.\n\nInitially, the camera captures a steady view of the road ahead, showing several vehicles in motion. A the timestamp changes to 18:21:25, a pedestrian wearinging dark shorts and no shirt appears in the middle of the road, seemingly crossing from one side to the other. The pedestrian's posture indicates a hurried or panicked movement, as they are not using a crosswalk or sidewalk.\n\nAs the timestamp progresses to 18:21:26, the pedestrian continues to move across the road, and the camera vehicle slows down, likely in response to the pedestrian's presence. The timestamp then changes"
  },
  "./VRU_videos/DoTA/VRU_83.mp4": {
    "pred": "The video captures a moment at an urban intersection during the evening, as indicated by the timestamp \"18 2019/04/30 18:38:29\" and the ambient lighting. The scene is viewed from a vehicle's dashboard camera, showing a busy street with multiple lanes of traffic moving in both directions. The road appears to be a multi-lane urban street with traffic signals and pedestrian crossings.\n\nIn the foreground, there is a white SUV with a visible license plate, stopped at a red light. To the right of the SUV, there is another white car also which is also also. The vehicles are positioned in the right lane, waiting for the signal to change. The background shows several buildings, including a tall, multi-story structure on the left side of the frame, suggesting a commercial or mixed-use area.\n\nAs the video progresses, the white SUV begins to move forward slowly, crossing the intersection. The timestamp changes to \"00 KM"
  },
  "./VRU_videos/DoTA/VRU_84.mp4": {
    "pred": "The video captures a nighttime scene from a vehicle's dashboard camera, showing the interior of a car and the road ahead. The timestamp on the footage reads \"2019/02/11 18:47:16,\" indicating the time of the recording. The sky is dark, suggesting it is either late evening or night.\n\nThe vehicle is driving down a narrow street lined with buildings on both sides. The buildings appear to be residential or small commercial structures, with some having signs in Chinese characters. The road is relatively empty, with only a few vehicles visible in the distance. The vehicle's headlights illuminate the road ahead, casting shadows and creating a contrast between light and dark areas.\n\nAs the vehicle progresses, it encounters a white car parked on the side of the road. The white car has its brake lights on, indicating that it is stationary. The vehicle continues to move forward, approaching the white car from behind. The timestamp on the footage changes to \"20"
  },
  "./VRU_videos/DoTA/VRU_85.mp4": {
    "pred": "The video is captured from a dashcam mounted inside a vehicle, showing the view through the windshield. The scene takes place on a foggy day with low visibility, on a straight road bordered by green railings on both sides. The road is flanked by leafless trees and power lines, indicating it might be late autumn or winter.\n\nAt 10:29:56, the vehicle is stationary, as indicated by the timestamp in the bottom right corner of the screen. The dashboard displays various icons and text, including \"Coluk\" in the top left corner, which likely indicates the brand or model of the dashcam. The time and date are also \"Goluk Ti 2019-02-02 10:29:56\".\n\nAs the video progresses, the vehicle starts moving forward at a slow speed, maintaining a consistent distance from the vehicles ahead. At 10:29:57, a white bus with"
  },
  "./VRU_videos/DoTA/VRU_86.mp4": {
    "pred": "The video begins with a view from a dashcam on a road lined with trees and a clear blue sky. The speedometer shows indicates the vehicle is traveling at 52 km/h. A black car is visible in the right lane, while another vehicle is seen in the left lane. As the scene progresses, a person on a bicycle appears in the middle of the road, seemingly crossing from one side to the other. The cyclist is wearing casual clothing and is positioned near the center line of the road.\n\nAs the cyclist moves further into the frame, the speed of the vehicle decreases to 49 km/h, then to 38 km/h, indicating that the driver is slowing down to avoid the cyclist. The cyclist continues to cross the road, moving closer to the camera's viewpoint. The speed of the vehicle drops to 21 km/h as it approaches the cyclist.\n\nAt this point, the cyclist suddenly changes direction, moving towards the left side of the road. The vehicle's"
  },
  "./VRU_videos/DoTA/VRU_87.mp4": {
    "pred": "The video is a dashcam recording from the \"CAR CRASHES TIME YOUTUBE CHANNEL,\" dated 09/02/2016 at 22:20:04. It begins with a nighttime scene on a snow-covered road, illuminated by streetlights and the headlights of several vehicles. The timestamp progresses through the sequence, showing a busy urban area with multiple lanes of traffic.\n\nInitially, the vehicle in front of the dashcam car is a white sedan, followed by a red car and a bus. The road is lined with buildings displaying various signs and advertisements, and there are snowbanks piled up on the sides of the road. The weather appears to be cold, as indicated by the snow on the ground and the presence of snowflakes falling from the sky.\n\nAs the video progresses, the white sedan ahead starts to slow down, and the dashcam car follows suit. The red car behind the white sedan also not visible in the later part of the"
  },
  "./VRU_videos/DoTA/VRU_88.mp4": {
    "pred": "The video begins with a view from a vehicle's dashboard camera, showing a street scene with several cars and a bus in the background. The sky is overcast, suggesting cloudy weather conditions. On the right side of the road, there is a black car parked near a sidewalk, and three individuals are standing next to it. One person is wearing a brown jacket and jeans, another is wearing a dark jacket and jeans, and the third person is wearing a white shirt and dark pants. They appear to be engaged in a conversation or possibly inspecting something on the ground.\n\nAs the video progresses, the person in the brown jacket starts walking towards the center of the road, crossing in front of the black car. The other person in the dark jacket follows, while the person in the white shirt remains near the car. The person in the brown jacket then suddenly falls to the ground, appearing to have slipped or tripped. The person in the dark jacket stops and looks back at the fallen individual, while"
  },
  "./VRU_videos/DoTA/VRU_89.mp4": {
    "pred": "The video begins with a view from a dashcam on a city street. The sky is overcast, and the road appears to be wet, suggesting recent rain. On the right side of the frame, there is a blue sign with white text in Cyrillic script, indicating a bus stop or station named \"Бусопаркенсейл\" (Bus Parkensel). Several vehicles are visible, including a white van parked near the bus stop and a black car stopped at an intersection. Pedestrians are also seen crossing the street; one person is wearing a dark coat and carrying a yellow bag, while another pedestrian is wearing a light-colored jacket and dark pants.\n\nAs the scene develops, the black car starts to move forward slowly, while the pedestrian with the yellow bag continues to cross the street. The pedestrian in the light-colored jacket is no longer visible. The black car then stops again, and the pedestrian with the yellow bag is now sitting on the ground near the yellow bag"
  },
  "./VRU_videos/DoTA/VRU_90.mp4": {
    "pred": "The video begins with a view of a busy urban intersection under a partly cloudy sky. A black SUV is seen driving through the intersection, while several other cars are waiting at the stop line. The road appears to be a multi-lane intersection with traffic signals and pedestrian crossings.\n\nA woman in a pink jacket and black pants is crossing the street from left to right. She is carrying a yellow bag and appears to be in mid-stride when she suddenly collides with the black SUV. The impact causes her to fall to the ground, and she is seen lying on the pavement near the front of the SUV.\n\nThe scene then shifts to show the aftermath of the collision. The woman is now lying on the ground, seemingly unconscious or injured. A man in a dark jacket and jeans approaches the scene and bends down to check on her. He is joined by another person who is also not clearly visible. They both appear concerned and are trying to assist the woman.\n\nAs the situation unfolds, more people gather"
  },
  "./VRU_videos/DoTA/VRU_91.mp4": {
    "pred": "The video begins with a view from inside a vehicle, showing a city street lined with buildings and trees. The timestamp on the footage is 2019/05/05 at 16:24:25. The sky is overcast, suggesting cloudy weather conditions. The road appears to be wet, possibly due to recent rain.\n\nAs the vehicle moves forward, two pedestrians are seen crossing the street from left to right. One pedestrian is wearing a green jacket and dark pants, while the other is dressed in dark clothing. Both pedestrians appear to be in motion, indicating they are crossing the street.\n\nSuddenly, the windshield of the vehicle shatters, with large cracks and pieces of glass flying outward. The timestamp changes to 16:24:37, indicating that the event occurred within a few seconds. The pedestrians continue to cross the street, seemingly unaware of the impending danger.\n\nThe shattered windshield obscures the view ahead, but the pedestrians are still visible"
  },
  "./VRU_videos/DoTA/VRU_92.mp4": {
    "pred": "The video captures a moment at an urban intersection during the daytime, as seen from the perspective of a vehicle's dashboard camera. The timestamp on the footage reads \"2016/07/01 14:15:19,\" indicating the time of the recording. The sky is clear with bright sunlight casting shadows on the road and surrounding buildings.\n\nInitially, the scene shows a busy intersection with multiple lanes of traffic. Several vehicles are visible, including cars and a white van. Pedestrians are crossing the street, and one person in dark clothing is seen walking across the intersection. The traffic lights are visible, showing red for the vehicles and green for the pedestrians, indicating that it is safe for pedestrians to cross.\n\nAs the video progresses, the timestamp changes to \"2016/07/01 14:15:20.\" The vehicles begin to move forward, and the pedestrian in dark clothing continues to cross the intersection. The traffic"
  },
  "./VRU_videos/DoTA/VRU_93.mp4": {
    "pred": "The video is a dashcam recording from the \"CAR CRASHES TIME\" YouTube channel, showing a sequence of events on a snowy road. The timestamp indicates it is 2014-04-04 at 18:31:00. The scene opens with a blue car, identified by its license plate \"E 516 TM 88\", stopped at a traffic light. The road is wet and partially covered with snow, indicating cold weather conditions. The sky is overcast, suggesting it might be a cold or rainy day.\n\nAs the video progresses, the blue car remains stationary, while other the left side of the frame, a white van and a black car are seen moving forward. The traffic light is red, and the vehicles are waiting for it to change. The road is lined with streetlights and utility poles, and there are buildings and trees in the background, typical of an urban or suburban setting.\n\nSuddenly, a pedestrian wearinging"
  },
  "./VRU_videos/DoTA/VRU_94.mp4": {
    "pred": "The video begins with a view from inside a vehicle, showing the dashboard and windshield. The timestamp on the video reads \"2019/02/23 11:43:56.\" The road ahead is clear, with a gas station on the left side and some buildings on the right. The sky is overcast, and the trees lining the road are bare, suggesting it might be winter or early spring.\n\nAs the vehicle moves forward, a pedestrian wearing a red jacket and dark pants appears in the middle of the road, seemingly crossing from one side to the other. The pedestrian is not using a crosswalk and is positioned directly in the path of the vehicle. The vehicle slows down as it approaches the pedestrian, but the pedestrian continues to cross the road without moving out of the way.\n\nThe vehicle comes to a stop just before reaching the pedestrian, who remains in the middle of the road. The timestamp changes to \"11:43:57\""
  },
  "./VRU_videos/DoTA/VRU_95.mp4": {
    "pred": "The video begins with a view from a vehicle's dashboard camera, showing a snowy road with several cars and a large truck on the right side. The sky is overcast, and the road appears to be icy and slippery. There are buildings in the background, and the scene suggests a winter day in an urban area.\n\nAs the video progresses, a pedestrian wearinging a blue jacket and dark pants walks across the road from left to right. The pedestrian is not using a crosswalk and is crossing against the flow of traffic. The pedestrian's posture indicates they are moving at a normal walking pace.\n\nA black car approaches from the left side of the frame, and as it gets closer, the pedestrian suddenly stops and falls to the ground, appearing to have slipped on the ice. The car continues to move forward and collides with the pedestrian, causing them to fall further onto the road.\n\nThe pedestrian remains on the ground after the collision, while the car comes to a stop near them. Another"
  },
  "./VRU_videos/DoTA/VRU_96.mp4": {
    "pred": "The video captures a nighttime scene at an intersection, viewed from the perspective of a vehicle's dashboard camera. The timestamp on the footage reads \"KM H 2019/03/03 22:38:25,\" indicating the date and time of the recording. The environment is illuminated by streetlights, casting a yellowish glow over the scene.\n\nInitially, the intersection is relatively clear with only a few vehicles visible. A red car is seen in the center of the frame, stopped at a red traffic light. The timestamp changes to \"22:38:26\" as the red car begins to move forward, crossing the intersection. The timestamp then updates to \"22:38:27\" as the red car continues its movement.\n\nAs the red car moves forward, a pedestrian dressed in dark clothing appears in the middle of the intersection, seemingly attempting to cross the road. The pedestrian's posture suggests urgency or haste. The timestamp changes"
  },
  "./VRU_videos/DoTA/VRU_97.mp4": {
    "pred": "The video begins with a view from inside a vehicle, showing the dashboard and windshield. The timestamp on the video reads \"2019-03-02 17:41:38\" and the date is displayed as \"星期三\" (Wednesday). The sky is overcast, suggesting it might be a cloudy day. The road appears to be wet, indicating recent rain or ongoing drizzle.\n\nAs the vehicle moves forward, it approaches an intersection where traffic lights are visible. The traffic light in the center of the frame shows a red signal for the vehicle's lane, while the left turn signal is green. There are no other vehicles in the immediate vicinity, but there is a large truck ahead, partially obscured by the vehicle's windshield wipers. The truck has a covered cargo area, and it is moving in the same direction as the vehicle.\n\nThe vehicle continues to move forward, and the traffic light changes to green. The vehicle proceeds through the intersection, passing"
  },
  "./VRU_videos/DoTA/VRU_98.mp4": {
    "pred": "The video captures a nighttime scene on a snow-covered road, viewed from the perspective of a vehicle's dashboard camera. The timestamp in the top right corner reads \"18 4,\" indicating the time as 1:49 AM. The text \"CAR CRASHES TIME\" and \"YOUTUBE CHANNEL\" is displayed at the top left corner, suggesting that this footage is part of a YouTube channel focused on car crashes.\n\nThe road is illuminated by streetlights, casting a yellowish glow on the wet and snowy surface. Snow is falling, adding to the visibility challenges for drivers. On the left side of the road, there are tall buildings with lit windows, while on the right, there are parked cars and a few commercial establishments, including one with a sign that reads \"DONALD.\"\n\nIn the distance, a red car is seen driving towards the camera, its taillights glowing brightly against the dark background. As the vehicle approaches, it becomes clear that the driver is not"
  },
  "./VRU_videos/DoTA/VRU_99.mp4": {
    "pred": "The video captures a busy urban intersection from the perspective of a vehicle's dashboard camera. The scene is set on a cloudy day, with overcast skies suggesting potential rain or mist. The road appears to be a multi-lane street with traffic moving in both directions. In the foreground, there is a white car with the license plate \"AP 8 64570\" stopped at a red traffic light. To the right of this car, a white bus is also to the right of the white car, and further to the right, a dark-colored car is visible.\n\nIn the background, there are several buildings, including a tall industrial chimney emitting smoke, indicating an industrial area. The buildings have a utilitarian design, typical of urban settings. Pedestrians are visible on the sidewalks, some walking alone and others in groups, dressed in casual clothing suitable for the weather.\n\nAs the video progresses, a pedestrian wearing dark clothing starts crossing the street from the left side of the frame towards"
  },
  "./VRU_videos/DoTA/VRU_100.mp4": {
    "pred": "The video begins with a view of an urban street intersection on a clear, sunny day. The sky is blue, and the sun casts shadows on the ground, indicating it is daytime. The road is lined with multi-story residential buildings on both sides, and there are trees without leaves, suggesting it might be late autumn or winter.\n\nSeveral vehicles are present at the intersection: a red car in the middle lane, a blue car in the right lane, and a brown car in the left lane. Pedestrians are visible on the sidewalk near the left side of the frame, including two individuals standing close to each other and another person walking away from the camera.\n\nAs the scene develops, the red car starts moving forward, crossing the intersection. It appears to be making a turn or merging into the left lane. Simultaneously, the blue car in the right lane begins to move forward as well. The brown car in the left lane remains stationary.\n\nA white car enters the intersection from the left side"
  }
}